priority_rank,district,province,region,nature_of_district,phase,quadrant_pcc_ppo,quadrant_tp_ppo,retailers_2024,ppo_2024,tp_2024,recommended_new_outlets,limiting_factor,usable_supply,final_new_outlets,constraint,budget_4000,budget_6000,rollout_2025,rollout_2026,rollout_2027
1.0,Karachi,Sindh,Karachi Region,Stronghold,Phase 1,"Q1: High PCC, High PPO","High TP, High PPO",8049,1824.08,21.18,11526,Stopped by PPO reaching ideal,1906,1906,Supply constrained (not enough shops),1127,1690,673,673,560
2.0,Faisalabad,Punjab,Lahore Region,Stronghold,Phase 1,"Q1: High PCC, High PPO","High TP, High PPO",2113,1794.11,24.1,2941,Stopped by PPO reaching ideal,400,400,Supply constrained (not enough shops),236,355,141,141,118
3.0,Lahore,Punjab,Lahore Region,Stronghold,Phase 1,"Q1: High PCC, High PPO","High TP, High PPO",10222,927.11,19.69,2413,Stopped by PPO reaching ideal,1336,1336,Supply constrained (not enough shops),790,1185,472,471,393
4.0,Gujranwala,Punjab,Lahore Region,Stronghold,Phase 1,"Q1: High PCC, High PPO","High TP, High PPO",2722,1075.0,22.83,1179,Stopped by PPO reaching ideal,464,464,Supply constrained (not enough shops),274,411,164,164,136
5.0,Gujrat,Punjab,Lahore Region,Stronghold,Phase 1,"Q1: High PCC, High PPO","High TP, High PPO",655,1957.05,19.07,1054,Stopped by PPO reaching ideal,60,60,Supply constrained (not enough shops),35,53,21,21,18
6.0,Sialkot,Punjab,Lahore Region,Stronghold,Phase 1,"Q1: High PCC, High PPO","High TP, High PPO",1093,1450.56,21.28,1020,Stopped by PPO reaching ideal,169,169,Supply constrained (not enough shops),100,150,60,59,50
7.0,Hyderabad,Sindh,Karachi Region,Stronghold,Phase 1,"Q1: High PCC, High PPO","High TP, High PPO",2003,823.72,17.93,196,Stopped by PPO reaching ideal,308,196,Demand constrained (enough shops),116,174,69,69,58
8.0,Peshawar,Khyber Pakhtunkhwa,Peshawar Region,Stronghold,Phase 3,"Q3: Low PCC, High PPO","High TP, High PPO",748,2436.31,20.19,581,Stopped by TP reaching ideal,239,239,Supply constrained (not enough shops),141,212,85,84,70
9.0,Rawalpindi,Punjab,Islamabad Region,Stronghold,Phase 3,"Q3: Low PCC, High PPO","High TP, High PPO",1148,3090.96,17.31,544,Stopped by TP reaching ideal,531,531,Supply constrained (not enough shops),314,471,188,187,156
10.0,Sheikhpura,Punjab,Lahore Region,Stronghold,Phase 3,"Q3: Low PCC, High PPO","High TP, High PPO",613,2659.71,18.14,387,Stopped by TP reaching ideal,184,184,Supply constrained (not enough shops),109,163,65,65,54
11.0,Multan,Punjab,Multan Region,Stronghold,Phase 3,"Q3: Low PCC, High PPO","High TP, High PPO",814,2850.54,17.2,281,Stopped by TP reaching ideal,308,281,Demand constrained (enough shops),166,249,99,99,83
12.0,Kasur,Punjab,Lahore Region,Stronghold,Phase 3,"Q3: Low PCC, High PPO","High TP, High PPO",467,2500.11,15.66,195,Stopped by TP reaching ideal,78,78,Supply constrained (not enough shops),46,69,28,27,23
13.0,Sargodha,Punjab,Lahore Region,Stronghold,Phase 3,"Q3: Low PCC, High PPO","High TP, High PPO",357,5261.46,17.89,165,Stopped by TP reaching ideal,86,86,Supply constrained (not enough shops),51,76,31,30,25
14.0,Khanewal,Punjab,Multan Region,Stronghold,Phase 3,"Q3: Low PCC, High PPO","High TP, High PPO",218,3523.34,17.48,153,Stopped by TP reaching ideal,88,88,Supply constrained (not enough shops),52,78,31,31,26
15.0,Tando Allahyar,Sindh,Karachi Region,Stronghold,Phase 3,"Q3: Low PCC, High PPO","High TP, High PPO",107,2521.23,19.85,130,Stopped by TP reaching ideal,11,11,Supply constrained (not enough shops),6,10,4,4,3
16.0,Muzaffargarh,Punjab,Multan Region,Stronghold,Phase 3,"Q3: Low PCC, High PPO","High TP, High PPO",185,6418.0,19.61,127,Stopped by TP reaching ideal,166,127,Demand constrained (enough shops),75,113,45,45,37
17.0,Nowshera,Khyber Pakhtunkhwa,Peshawar Region,Stronghold,Phase 3,"Q3: Low PCC, High PPO","High TP, High PPO",173,2634.42,18.13,98,Stopped by TP reaching ideal,27,27,Supply constrained (not enough shops),16,24,10,9,8
18.0,Attock,Punjab,Islamabad Region,Stronghold,Phase 3,"Q3: Low PCC, High PPO","High TP, High PPO",111,5204.11,16.65,46,Stopped by TP reaching ideal,41,41,Supply constrained (not enough shops),24,36,15,14,12
19.0,Jamshoro,Sindh,Karachi Region,Stronghold,Phase 3,"Q3: Low PCC, High PPO","High TP, High PPO",100,5104.15,15.65,13,Stopped by TP reaching ideal,43,13,Demand constrained (enough shops),8,12,5,4,4
20.0,Abbottabad,Khyber Pakhtunkhwa,Islamabad Region,Stronghold,Phase 3,"Q3: Low PCC, High PPO","High TP, High PPO",92,4099.17,15.46,6,Stopped by TP reaching ideal,24,6,Demand constrained (enough shops),4,5,2,2,2
21.0,Toba Tek Singh,Punjab,Multan Region,Neighbouring,Phase 3,"Q3: Low PCC, High PPO","High TP, High PPO",148,5168.74,22.3,871,Stopped by PPO reaching ideal,30,30,Supply constrained (not enough shops),18,27,11,10,9
22.0,Jhelum,Punjab,Islamabad Region,Neighbouring,Phase 3,"Q3: Low PCC, High PPO","High TP, High PPO",106,4805.12,18.39,573,Stopped by PPO reaching ideal,33,33,Supply constrained (not enough shops),19,29,12,11,10
23.0,Bhakkar,Punjab,Multan Region,Neighbouring,Phase 3,"Q3: Low PCC, High PPO","High TP, High PPO",38,11132.5,17.2,526,Stopped by PPO reaching ideal,52,52,Supply constrained (not enough shops),31,46,19,18,15
24.0,Chakwal,Punjab,Islamabad Region,Neighbouring,Phase 3,"Q3: Low PCC, High PPO","High TP, High PPO",107,4769.91,18.67,375,Stopped by TP reaching ideal,77,77,Supply constrained (not enough shops),45,68,27,27,23
25.0,Matiari,Sindh,Karachi Region,Neighbouring,Phase 3,"Q3: Low PCC, High PPO","High TP, High PPO",31,4985.32,18.71,175,Stopped by PPO reaching ideal,12,12,Supply constrained (not enough shops),7,11,4,4,4
26.0,Sahiwal,Punjab,Multan Region,Neighbouring,Phase 3,"Q3: Low PCC, High PPO","High TP, High PPO",166,4759.99,16.36,116,Stopped by TP reaching ideal,28,28,Supply constrained (not enough shops),17,25,10,10,8
27.0,Malakand,Khyber Pakhtunkhwa,Peshawar Region,Neighbouring,Phase 3,"Q3: Low PCC, High PPO","High TP, High PPO",9,7518.78,20.74,81,Stopped by PPO reaching ideal,1,1,Supply constrained (not enough shops),1,1,1,0,0
28.0,Rahim Yar Khan,Punjab,Multan Region,Neighbouring,Phase 3,"Q3: Low PCC, High PPO","High TP, High PPO",235,7643.09,16.63,71,Stopped by TP reaching ideal,192,71,Demand constrained (enough shops),42,63,25,25,21
29.0,Lasbela,Balochistan,Karachi Region,Neighbouring,Phase 3,"Q3: Low PCC, High PPO","High TP, High PPO",44,6588.18,19.09,53,Stopped by TP reaching ideal,23,23,Supply constrained (not enough shops),14,20,8,8,7
30.0,Nawabshah,Sindh,Karachi Region,Neighbouring,Phase 3,"Q3: Low PCC, High PPO","High TP, High PPO",92,6973.03,18.36,51,Stopped by TP reaching ideal,62,51,Demand constrained (enough shops),30,45,18,18,15
31.0,Layyah,Punjab,Multan Region,Neighbouring,Phase 3,"Q3: Low PCC, High PPO","High TP, High PPO",80,5462.62,17.27,24,Stopped by TP reaching ideal,57,24,Demand constrained (enough shops),14,21,9,8,7
32.0,Thatta,Sindh,Karachi Region,Neighbouring,Phase 3,"Q3: Low PCC, High PPO","High TP, High PPO",92,4601.26,16.33,23,Stopped by TP reaching ideal,27,23,Demand constrained (enough shops),14,20,8,8,7
33.0,Mohmand,Khyber Pakhtunkhwa,Peshawar Region,Neighbouring,Phase 3,"Q3: Low PCC, High PPO","High TP, High PPO",24,3079.04,17.89,11,Stopped by TP reaching ideal,4,4,Supply constrained (not enough shops),2,4,2,1,1
34.0,Badin,Sindh,Karachi Region,Neighbouring,Phase 3,"Q3: Low PCC, High PPO","High TP, High PPO",110,4248.39,15.42,6,Stopped by TP reaching ideal,49,6,Demand constrained (enough shops),4,5,2,2,2
35.0,Rajanpur,Punjab,Multan Region,Neighbouring,Phase 3,"Q3: Low PCC, High PPO","High TP, High PPO",86,7983.5,15.05,3,Stopped by TP reaching ideal,56,3,Demand constrained (enough shops),2,3,1,1,1
36.0,Mandi Bahauddin,Punjab,Lahore Region,Neighbouring,Phase 3,"Q3: Low PCC, High PPO","High TP, High PPO",98,4527.14,15.12,2,Stopped by TP reaching ideal,27,2,Demand constrained (enough shops),1,2,1,1,0
37.0,Orakzai,Khyber Pakhtunkhwa,Peshawar Region,Neighbouring,Phase 3,"Q3: Low PCC, High PPO","High TP, High PPO",10,4199.1,16.48,1,Stopped by TP reaching ideal,2,1,Demand constrained (enough shops),1,1,1,0,0
38.0,Dera Ismail Khan,Khyber Pakhtunkhwa,Multan Region,Rest,Phase 3,"Q3: Low PCC, High PPO","High TP, High PPO",78,5940.9,15.86,539,Stopped by PPO reaching ideal,59,59,Supply constrained (not enough shops),35,52,21,21,17
39.0,Bajaur,Khyber Pakhtunkhwa,Peshawar Region,Rest,Phase 3,"Q3: Low PCC, High PPO","High TP, High PPO",17,9034.94,17.74,187,Stopped by PPO reaching ideal,4,4,Supply constrained (not enough shops),2,4,2,1,1
40.0,Hangu,Khyber Pakhtunkhwa,Peshawar Region,Rest,Phase 3,"Q3: Low PCC, High PPO","High TP, High PPO",26,4795.85,17.98,140,Stopped by PPO reaching ideal,8,8,Supply constrained (not enough shops),5,7,3,3,2
41.0,Kohistan,Khyber Pakhtunkhwa,Islamabad Region,Rest,Phase 3,"Q3: Low PCC, High PPO","High TP, High PPO",12,9753.17,18.76,8,Stopped by TP reaching ideal,2,2,Supply constrained (not enough shops),1,2,1,1,0
42.0,Dera Bugti,Balochistan,Multan Region,Rest,Phase 3,"Q3: Low PCC, High PPO","High TP, High PPO",7,16068.43,16.3,4,Stopped by TP reaching ideal,12,4,Demand constrained (enough shops),2,4,2,1,1
43.0,Shangla,Khyber Pakhtunkhwa,Islamabad Region,Rest,Phase 3,"Q3: Low PCC, High PPO","High TP, High PPO",9,8136.11,17.07,3,Stopped by TP reaching ideal,8,3,Demand constrained (enough shops),2,3,1,1,1
44.0,South Waziristan,Khyber Pakhtunkhwa,Multan Region,Rest,Phase 3,"Q3: Low PCC, High PPO","High TP, High PPO",9,13024.33,15.8,1,Stopped by TP reaching ideal,10,1,Demand constrained (enough shops),1,1,1,0,0
