district,recommended_macro,limiting_factor_macro,recommended_model_sheet,match
Abbottabad,6,Stopped by TP reaching ideal,6,Yes
Attock,46,Stopped by TP reaching ideal,46,Yes
Awaran,0,TP already at or below ideal,0,Yes
Badin,6,Stopped by TP reaching ideal,6,Yes
Bahawalnagar,0,TP already at or below ideal,0,Yes
Bahawalpur,0,TP already at or below ideal,0,Yes
Bajaur,187,Stopped by PPO reaching ideal,187,Yes
Bannu,0,TP already at or below ideal,0,Yes
Barkhan,0,TP already at or below ideal,0,Yes
Battagram,0,TP already at or below ideal,0,Yes
Bhakkar,526,Stopped by PPO reaching ideal,526,Yes
Buner,0,TP already at or below ideal,0,Yes
Chagai,0,No current outlets,0,Yes
Chakwal,375,Stopped by TP reaching ideal,375,Yes
Charsadda,0,TP already at or below ideal,0,Yes
Chitral,0,TP already at or below ideal,0,Yes
Dadu,0,TP already at or below ideal,0,Yes
Dera Bugti,4,Stopped by TP reaching ideal,4,Yes
Dera Ghazi Khan,0,TP already at or below ideal,0,Yes
Dera Ismail Khan,539,Stopped by PPO reaching ideal,539,Yes
Faisalabad,2941,Stopped by PPO reaching ideal,2941,Yes
Ghotki,0,TP already at or below ideal,0,Yes
Gujranwala,1179,Stopped by PPO reaching ideal,1179,Yes
Gujrat,1054,Stopped by PPO reaching ideal,1054,Yes
Gwadar,0,TP already at or below ideal,0,Yes
Hafizabad,0,TP already at or below ideal,0,Yes
Hangu,140,Stopped by PPO reaching ideal,140,Yes
Haripur,0,TP already at or below ideal,0,Yes
Hyderabad,196,Stopped by PPO reaching ideal,196,Yes
Islamabad Capital Territory,0,TP already at or below ideal,0,Yes
Jacobabad,0,TP already at or below ideal,0,Yes
Jafarabad,0,TP already at or below ideal,0,Yes
Jamshoro,13,Stopped by TP reaching ideal,13,Yes
Jhal Magsi,0,TP already at or below ideal,0,Yes
Jhang,0,TP already at or below ideal,0,Yes
Jhelum,573,Stopped by PPO reaching ideal,573,Yes
Kachhi,0,TP already at or below ideal,0,Yes
Kalat,0,TP already at or below ideal,0,Yes
Karachi,11526,Stopped by PPO reaching ideal,11526,Yes
Karak,0,TP already at or below ideal,0,Yes
Kashmore,0,TP already at or below ideal,0,Yes
Kasur,195,Stopped by TP reaching ideal,195,Yes
Kech,0,TP already at or below ideal,0,Yes
Khairpur,0,TP already at or below ideal,0,Yes
Khanewal,153,Stopped by TP reaching ideal,153,Yes
Kharan,0,TP already at or below ideal,0,Yes
Khushab,0,TP already at or below ideal,0,Yes
Khuzdar,0,TP already at or below ideal,0,Yes
Khyber,0,TP already at or below ideal,0,Yes
Kohat,0,TP already at or below ideal,0,Yes
Kohistan,8,Stopped by TP reaching ideal,8,Yes
Kohlu,0,TP already at or below ideal,0,Yes
Kurram,0,TP already at or below ideal,0,Yes
Lahore,2413,Stopped by PPO reaching ideal,2413,Yes
Lakki Marwat,0,TP already at or below ideal,0,Yes
Lasbela,53,Stopped by TP reaching ideal,53,Yes
Layyah,24,Stopped by TP reaching ideal,24,Yes
Lodhran,0,TP already at or below ideal,0,Yes
Loralai,0,TP already at or below ideal,0,Yes
Lower Dir,0,TP already at or below ideal,0,Yes
Malakand,81,Stopped by PPO reaching ideal,81,Yes
Mandi Bahauddin,2,Stopped by TP reaching ideal,2,Yes
Mansehra,0,TP already at or below ideal,0,Yes
Mardan,0,TP already at or below ideal,0,Yes
Mastung,0,TP already at or below ideal,0,Yes
Matiari,175,Stopped by PPO reaching ideal,175,Yes
Mianwali,0,TP already at or below ideal,0,Yes
Mirpurkhas,0,TP already at or below ideal,0,Yes
Mohmand,11,Stopped by TP reaching ideal,11,Yes
Multan,281,Stopped by TP reaching ideal,281,Yes
Musakhel,0,Stopped by TP reaching ideal,0,Yes
Muzaffargarh,127,Stopped by TP reaching ideal,127,Yes
Narowal,0,TP already at or below ideal,0,Yes
Nasirabad,0,TP already at or below ideal,0,Yes
Naushehro Feroze,0,TP already at or below ideal,0,Yes
Nawabshah,51,Stopped by TP reaching ideal,51,Yes
North Waziristan,0,TP already at or below ideal,0,Yes
Nowshera,98,Stopped by TP reaching ideal,98,Yes
Nushki,0,TP already at or below ideal,0,Yes
Okara,0,TP already at or below ideal,0,Yes
Orakzai,1,Stopped by TP reaching ideal,1,Yes
Pakpattan,0,Stopped by TP reaching ideal,0,Yes
Panjgur,0,TP already at or below ideal,0,Yes
Peshawar,581,Stopped by TP reaching ideal,581,Yes
Pishin,0,TP already at or below ideal,0,Yes
Qambar Shahdadkot,0,TP already at or below ideal,0,Yes
Qilla Abdullah,0,TP already at or below ideal,0,Yes
Qilla Saifullah,0,TP already at or below ideal,0,Yes
Quetta,0,TP already at or below ideal,0,Yes
Rahim Yar Khan,71,Stopped by TP reaching ideal,71,Yes
Rajanpur,3,Stopped by TP reaching ideal,3,Yes
Rawalpindi,544,Stopped by TP reaching ideal,544,Yes
Sahiwal,116,Stopped by TP reaching ideal,116,Yes
Sanghar,0,TP already at or below ideal,0,Yes
Sargodha,165,Stopped by TP reaching ideal,165,Yes
Shangla,3,Stopped by TP reaching ideal,3,Yes
Sheikhpura,387,Stopped by TP reaching ideal,387,Yes
Shikarpur,0,TP already at or below ideal,0,Yes
Sialkot,1020,Stopped by PPO reaching ideal,1020,Yes
Sibi,0,TP already at or below ideal,0,Yes
South Waziristan,1,Stopped by TP reaching ideal,1,Yes
Sukkur,0,TP already at or below ideal,0,Yes
Swabi,0,TP already at or below ideal,0,Yes
Swat,0,TP already at or below ideal,0,Yes
Tando Allahyar,130,Stopped by TP reaching ideal,130,Yes
Tando Muhammad Khan,0,TP already at or below ideal,0,Yes
Tank,0,TP already at or below ideal,0,Yes
Tharparkar,0,TP already at or below ideal,0,Yes
Thatta,23,Stopped by TP reaching ideal,23,Yes
Toba Tek Singh,871,Stopped by PPO reaching ideal,871,Yes
Umerkot,0,TP already at or below ideal,0,Yes
Upper Dir,0,TP already at or below ideal,0,Yes
Vihari,0,TP already at or below ideal,0,Yes
Zhob,0,TP already at or below ideal,0,Yes
Ziarat,0,TP already at or below ideal,0,Yes
