district,province,region,lsm5_share,nature_of_district,population_2023,annual_growth_rate,retailers_2022,volume_2022,ni_retailers_2022,ni_volume_2022,population_2022,target_population_2022,pcc_2022,ppo_2022,tp_2022,ni_tp_2022,retailers_2023,volume_2023,ni_retailers_2023,ni_volume_2023,target_population_2023,pcc_2023,ppo_2023,tp_2023,ni_tp_2023,retailers_2024,volume_2024,ni_retailers_2024,ni_volume_2024,population_2024,target_population_2024,pcc_2024,ppo_2024,tp_2024,ni_tp_2024,retailers_goly,retailers_cagr,volume_goly,volume_cagr,tp_goly,tp_cagr,pcc_goly,pcc_cagr,pcc_layer,ppo_layer,new_outlet_tp,recommended_new_outlets,limiting_factor,first_fill_volume,refill_volume,new_total_volume,new_total_outlets,new_tp,new_ppo,incremental_volume,national_pcc,quadrant_pcc_ppo,phase,quadrant_tp_ppo,expansion_wave,priority_rank,shortlisted,census_stores,high_potential_stores,high_potential_existing,census_universe,usable_supply,demand_outlets,final_new_outlets,constraint
Abbottabad,Khyber Pakhtunkhwa,Islamabad Region,0.263,Stronghold,1419072.0,0.01047,73,68046.3,5,2838.8,1404368.0,369349.0,0.18423306953585905,5059.575342465753,17.925790305584826,10.918461538461539,83,69542.7,12,4766.9,373216.0,0.18633365129040555,4496.578313253012,16.112766450417052,7.63926282051282,92,73950.0,11,3998.4,1433930.0,377124.0,0.19608934992204155,4099.173913043478,15.457775919732441,6.99020979020979,0.10843373493975905,0.12261924649577405,0.06337545134140621,0.04247783873997979,-0.040650408028948815,-0.07138787973389349,0.052356075051797735,0.03167571909810296,Layer 05,Layer 03,6.99020979020979,6,Stopped by TP reaching ideal,480,2180.9454545454546,76610.94545454545,98,15.033545026402168,3848.204081632653,2660.94545454545,0.4312370340470565,"Q3: Low PCC, High PPO",Phase 3,"High TP, High PPO",1,20.0,True,410,37,6,31,24,6,6,Demand constrained (enough shops)
Attock,Punjab,Islamabad Region,0.26,Stronghold,2170423.0,0.02365,95,90393.5,5,4009.4,2120278.0,551272.0,0.16397259429102148,5802.863157894737,18.29827935222672,15.420769230769231,102,93093.3,10,6764.2,564310.0,0.16496836844996546,5532.450980392156,17.551527149321267,13.008076923076922,111,96099.2,16,7956.8,2221754.0,577656.0,0.16636060215768553,5204.108108108108,16.64920304920305,9.563461538461539,0.08823529411764697,0.08093526754916236,0.03228911210581198,0.031077440829539782,-0.05141000509195648,-0.04612471090213077,0.008439397933079018,0.007255408149871911,Layer 05,Layer 03,9.563461538461539,46,Stopped by TP reaching ideal,3680,22875.8,122655.0,157,15.023885350318471,3679.3375796178343,26555.800000000003,0.4312370340470565,"Q3: Low PCC, High PPO",Phase 3,"High TP, High PPO",1,18.0,True,705,55,3,52,41,46,41,Supply constrained (not enough shops)
Awaran,Balochistan,Karachi Region,0.288,Rest,178958.0,0.0662,4,2925.9,2,639.9,167847.0,48340.0,0.06052751344642118,12085.0,14.066826923076924,6.1528846153846155,5,3270.7,1,233.9,51540.0,0.06345944897167248,10308.0,12.579615384615384,4.4980769230769235,6,3475.4,2,597.1,190805.0,54952.0,0.06324428592225943,9158.666666666666,11.139102564102565,5.741346153846154,0.19999999999999996,0.22474487139158894,0.06258599076650273,0.0898648822525574,-0.11451167436124765,-0.1101290499675881,-0.0033905596865345666,0.022196125001367806,Layer 05,Layer 03,5.741346153846154,0,TP already at or below ideal,0,0.0,3475.4,6,11.139102564102565,9158.666666666666,0.0,0.4312370340470565,"Q3: Low PCC, High PPO",Phase 3,"Low TP, High PPO",4,,False,139,5,0,5,4,0,0,No expansion
Badin,Sindh,Karachi Region,0.237,Neighbouring,1947081.0,0.01271,90,75712.6,8,1995.2,1922644.0,455667.0,0.16615774238643571,5062.966666666666,16.177905982905983,4.796153846153846,102,79376.0,15,5000.9,461458.0,0.1720113206402316,4524.098039215686,14.965309200603318,6.411410256410256,110,88179.1,11,3682.7,1971828.0,467323.0,0.188689835509915,4248.390909090909,15.415926573426574,6.438286713286713,0.07843137254901955,0.10554159678513342,0.11090379963717001,0.07919208332369276,0.03011079602719402,-0.023834031698186542,0.09696172791189217,0.06564845977002931,Layer 05,Layer 03,6.438286713286713,6,Stopped by TP reaching ideal,480,2008.7454545454545,90667.84545454546,116,15.031141487822524,4028.646551724138,2488.745454545453,0.4312370340470565,"Q3: Low PCC, High PPO",Phase 3,"High TP, High PPO",2,34.0,True,1012,64,2,62,49,6,6,Demand constrained (enough shops)
Bahawalnagar,Punjab,Multan Region,0.25,Population High,3550342.0,0.02987,125,103225.7,21,10568.3,3447369.0,861842.0,0.11977334592651553,6894.736,15.880876923076922,9.677930402930402,140,108639.0,17,8083.4,887586.0,0.12239828027931941,6339.9,14.922939560439561,9.144117647058824,146,107197.5,11,4583.2,3656391.0,914098.0,0.11727134289758866,6260.945205479452,14.119797154899894,8.012587412587413,0.04285714285714293,0.08074048688850355,-0.013268715654599195,0.01905684442981581,-0.053819316381122584,-0.05707535084234483,-0.041887331832038854,-0.01049986405120873,Layer 05,Layer 03,8.012587412587413,0,TP already at or below ideal,0,0.0,107197.5,146,14.119797154899894,6260.945205479452,0.0,0.4312370340470565,"Q3: Low PCC, High PPO",Phase 3,"Low TP, High PPO",3,,False,1059,62,3,59,47,0,0,No expansion
Bahawalpur,Punjab,Multan Region,0.375,Neighbouring,4284964.0,0.02619,278,185061.4,35,12692.1,4175605.0,1565852.0,0.11818575446466205,5632.561151079137,12.801701715550635,6.973681318681319,284,187443.6,23,8027.1,1606862.0,0.11665195891121952,5657.9647887323945,12.692551462621886,6.711622073578596,309,191928.8,35,11835.4,4397187.0,1648945.0,0.11639490704662678,5336.391585760518,11.944784665173014,6.502967032967033,0.0880281690140845,0.054282121335132105,0.023928264288564538,0.0183853715479545,-0.05891382829141645,-0.03404852369280298,-0.002203579494008956,-0.007605330330396232,Layer 05,Layer 03,6.502967032967033,0,TP already at or below ideal,0,0.0,191928.8,309,11.944784665173014,5336.391585760518,0.0,0.4312370340470565,"Q3: Low PCC, High PPO",Phase 3,"Low TP, High PPO",2,,False,1463,101,9,92,73,0,0,No expansion
Bajaur,Khyber Pakhtunkhwa,Peshawar Region,0.116,Rest,1287960.0,0.02805,13,11250.9,3,1446.2,1252818.0,145327.0,0.07741782325376564,11179.0,16.643343195266272,9.27051282051282,13,11906.0,1,680.5,149403.0,0.07969050152942042,11492.538461538461,17.61242603550296,13.086538461538462,17,15684.7,5,5191.2,1324087.0,153594.0,0.1021179212729664,9034.941176470587,17.74287330316742,19.966153846153844,0.3076923076923077,0.1435437497937313,0.31737779270955824,0.180713355913809,0.007406547366132665,0.03250387764069562,0.2814315296442971,0.14849869154925122,Layer 05,Layer 03,19.966153846153844,187,Stopped by PPO reaching ideal,14960,194150.87999999998,224795.58,204,21.191136877828054,752.9117647058823,209110.87999999998,0.4312370340470565,"Q3: Low PCC, High PPO",Phase 3,"High TP, High PPO",4,39.0,True,120,7,1,6,4,187,4,Supply constrained (not enough shops)
Bannu,Khyber Pakhtunkhwa,Peshawar Region,0.112,Rest,1357890.0,0.01938,14,10422.9,2,1176.6,1332074.0,149192.0,0.06986232505764384,10656.57142857143,14.31717032967033,11.313461538461537,15,10923.5,1,453.1,152084.0,0.07182543857341996,10138.933333333332,14.00448717948718,8.713461538461539,15,9416.3,1,296.4,1384206.0,155031.0,0.060738174945656025,10335.4,12.072179487179486,5.699999999999999,0.0,0.03509833901353132,-0.13797775438275284,-0.04951370816611611,-0.13797775438275284,-0.08174300352977515,-0.1543640226635098,-0.06758478529106893,Layer 05,Layer 03,5.699999999999999,0,TP already at or below ideal,0,0.0,9416.3,15,12.072179487179486,10335.4,0.0,0.4312370340470565,"Q3: Low PCC, High PPO",Phase 3,"Low TP, High PPO",4,,False,206,13,0,13,10,0,0,No expansion
Barkhan,Balochistan,Multan Region,0.102,Rest,210249.0,0.03501,2,1411.2,0,0.0,203137.0,20720.0,0.0681081081081081,10360.0,13.569230769230769,0.0,2,1354.7,0,0.0,21445.0,0.06317090230823036,10722.5,13.025961538461539,0.0,2,1300.4,0,0.0,217610.0,22196.0,0.05858713281672374,11098.0,12.503846153846155,0.0,0.0,0.0,-0.04008267513102526,-0.04005976187526383,-0.04008267513102526,-0.04005976187526383,-0.07256140602743011,-0.0725260637259022,Layer 05,Layer 03,8.16663285109386,0,TP already at or below ideal,0,0.0,1300.4,2,12.503846153846155,11098.0,0.0,0.4312370340470565,"Q3: Low PCC, High PPO",Phase 3,"Low TP, High PPO",4,,False,19,2,0,2,1,0,0,No expansion
Battagram,Khyber Pakhtunkhwa,Islamabad Region,0.139,Rest,554133.0,0.02539,8,5637.5,0,0.0,540412.0,75117.0,0.0750495893073472,9389.625,13.551682692307692,0.0,9,5648.3,1,217.6,77024.0,0.07333168882426257,8558.222222222223,12.069017094017095,4.184615384615385,11,6229.2,2,479.5,568202.0,78980.0,0.0788706001519372,7180.0,10.89020979020979,4.610576923076923,0.22222222222222232,0.17260393995585743,0.10284510383655254,0.05116976335742063,-0.09767218777009345,-0.10355941376336164,0.0755323028349788,0.02514055034320628,Layer 05,Layer 03,4.610576923076923,0,TP already at or below ideal,0,0.0,6229.2,11,10.89020979020979,7180.0,0.0,0.4312370340470565,"Q3: Low PCC, High PPO",Phase 3,"Low TP, High PPO",4,,False,63,3,0,3,2,0,0,No expansion
Bhakkar,Punjab,Multan Region,0.21,Neighbouring,1957470.0,0.02911,32,30377.2,4,2439.7,1902100.0,399441.0,0.07604927886721694,12482.53125,18.255528846153847,11.729326923076922,37,33087.5,5,3020.6,411069.0,0.08049135303318908,11109.972972972973,17.197245322245323,11.617692307692307,38,33995.5,4,3140.7,2014452.0,423035.0,0.08036096304088314,11132.5,17.204200404858298,15.09951923076923,0.027027027027026973,0.0897247358851685,0.027442387608613616,0.05788107109742224,0.0004044300399657086,-0.029221750905635946,-0.0016199254627037307,0.027957160833861128,Layer 05,Layer 03,15.09951923076923,526,Stopped by PPO reaching ideal,42080,413002.05,489077.55,564,16.676130319148935,750.0620567375887,455082.05,0.4312370340470565,"Q3: Low PCC, High PPO",Phase 3,"High TP, High PPO",2,23.0,True,968,69,3,66,52,526,52,Supply constrained (not enough shops)
Buner,Khyber Pakhtunkhwa,Peshawar Region,0.08,Neighbouring,1016869.0,0.02142,7,5150.6,0,0.0,995544.0,79644.0,0.06467028275827433,11377.714285714286,14.15,0.0,7,4514.1,1,294.4,81350.0,0.05548985863552551,11621.42857142857,12.401373626373628,5.661538461538461,7,4501.2,0,0.0,1038650.0,83092.0,0.05417128002695807,11870.285714285714,12.365934065934065,0.0,0.0,0.0,-0.002857712500830889,-0.06516439849950295,-0.002857712500831,-0.06516439849950295,-0.023762515187293443,-0.0847659502006407,Layer 05,Layer 03,7.603970531955606,0,TP already at or below ideal,0,0.0,4501.2,7,12.365934065934065,11870.285714285714,0.0,0.4312370340470565,"Q3: Low PCC, High PPO",Phase 3,"Low TP, High PPO",2,,False,98,6,0,6,4,0,0,No expansion
Chagai,Balochistan,Karachi Region,0.167,Rest,269192.0,0.02919,0,0.0,0,0.0,261557.0,43680.0,0.0,0.0,0.0,0.0,0,0.0,0,0.0,44955.0,0.0,0.0,0.0,0.0,0,0.0,0,0.0,277050.0,46267.0,0.0,0.0,0.0,0.0,0.0,0.0,0.0,0.0,0.0,0.0,0.0,0.0,Layer 05,Layer 05,12.952446872193955,0,No current outlets,0,0.0,0.0,0,0.0,0.0,0.0,0.4312370340470565,"Q4: Low PCC, Low PPO",Phase 3,"Low TP, Low PPO",4,,False,38,5,0,5,4,0,0,No expansion
Chakwal,Punjab,Islamabad Region,0.287,Neighbouring,1734854.0,0.02506,91,99511.5,8,7465.2,1692441.0,485731.0,0.2048695677236989,5337.7032967032965,21.029480135249365,17.945192307692306,96,99942.7,11,7826.0,497903.0,0.2007272500868643,5186.489583333333,20.020572916666666,13.681818181818182,107,103885.7,15,9683.8,1778329.0,510380.0,0.2035457894118108,4769.906542056075,18.6710460100647,12.415128205128203,0.11458333333333326,0.08435426675241886,0.03945260634343484,0.021742006878108677,-0.06740700739280625,-0.05774151658187343,0.014041637713498423,-0.003236019101764742,Layer 04,Layer 03,12.415128205128203,375,Stopped by TP reaching ideal,30000,242094.99999999997,375980.69999999995,482,15.000825885732523,1058.8796680497926,272094.99999999994,0.4312370340470565,"Q3: Low PCC, High PPO",Phase 3,"High TP, High PPO",2,24.0,True,1290,104,7,97,77,375,77,Supply constrained (not enough shops)
Charsadda,Khyber Pakhtunkhwa,Peshawar Region,0.306,Stronghold,1835504.0,0.02199,175,131251.4,32,9437.8,1796010.0,549579.0,0.23882171625917292,3140.4514285714286,14.423230769230768,5.671754807692308,188,137922.7,19,4859.1,561664.0,0.2455608691317229,2987.574468085106,14.108295826513913,4.918117408906883,201,132968.5,24,5347.2,1875867.0,574015.0,0.231646385547416,2855.7960199004974,12.721823574435515,4.2846153846153845,0.06914893617021267,0.07171424762920298,-0.03592012047327964,0.006520008305702207,-0.09827354551729639,-0.06083173706771228,-0.056664091609982536,-0.015136921344886645,Layer 04,Layer 04,4.2846153846153845,0,TP already at or below ideal,0,0.0,132968.5,201,12.721823574435515,2855.7960199004974,0.0,0.4312370340470565,"Q3: Low PCC, High PPO",Phase 3,"Low TP, High PPO",1,,False,989,77,6,71,56,0,0,No expansion
Chitral,Khyber Pakhtunkhwa,Peshawar Region,0.184,Rest,515935.0,0.02395,7,3358.4,1,189.2,503867.0,92712.0,0.03622400552247821,13244.57142857143,9.226373626373627,3.6384615384615384,7,3382.3,0,0.0,94932.0,0.035628660514894876,13561.714285714286,9.292032967032968,0.0,7,3184.2,0,0.0,528292.0,97206.0,0.032757237207579774,13886.57142857143,8.747802197802198,0.0,0.0,0.0,-0.05856961239393321,-0.026280296012115012,-0.05856961239393321,-0.026280296012115012,-0.08059307495196677,-0.04905500475098856,Layer 05,Layer 03,7.603970531955606,0,TP already at or below ideal,0,0.0,3184.2,7,8.747802197802198,13886.57142857143,0.0,0.4312370340470565,"Q3: Low PCC, High PPO",Phase 3,"Low TP, High PPO",4,,False,170,7,0,7,5,0,0,No expansion
Dadu,Sindh,Karachi Region,0.255,Neighbouring,1742320.0,0.01964,69,53422.5,13,6212.0,1708760.0,435734.0,0.12260346908893958,6314.985507246377,14.889214046822742,9.189349112426035,71,53437.4,5,1983.7,444292.0,0.12027540446373107,6257.633802816901,14.473835319609968,7.629615384615385,76,52387.9,8,4060.0,1776539.0,453017.0,0.11564223859148774,5960.75,13.256047570850203,9.759615384615385,0.07042253521126751,0.04949953566560428,-0.019639802834718778,-0.009730527506309539,-0.08413718422717142,-0.05643648344670249,-0.03852130776779428,-0.02880404334091402,Layer 05,Layer 03,9.759615384615385,0,TP already at or below ideal,0,0.0,52387.9,76,13.256047570850203,5960.75,0.0,0.4312370340470565,"Q3: Low PCC, High PPO",Phase 3,"Low TP, High PPO",2,,False,482,33,1,32,25,0,0,No expansion
Dera Bugti,Balochistan,Multan Region,0.31,Rest,355274.0,0.02128,6,4896.4,0,0.0,347871.0,107840.0,0.04540430267062314,17973.333333333332,15.693589743589742,0.0,7,5867.4,1,1240.9,110135.0,0.05327461751486811,15733.57142857143,16.119230769230768,23.86346153846154,7,5933.1,1,585.1,362834.0,112479.0,0.05274851305577041,16068.42857142857,16.299725274725276,11.251923076923077,0.0,0.08012344973464347,0.011197463953369624,0.1007847124163821,0.011197463953369624,0.019128612277434343,-0.009875330572779228,0.07784573060725797,Layer 05,Layer 02,11.251923076923077,4,Stopped by TP reaching ideal,320,2340.4,8593.5,11,15.023601398601398,10225.363636363636,2660.3999999999996,0.4312370340470565,"Q3: Low PCC, High PPO",Phase 3,"High TP, High PPO",4,42.0,True,141,15,0,15,12,4,4,Demand constrained (enough shops)
Dera Ghazi Khan,Punjab,Multan Region,0.316,Neighbouring,3393705.0,0.02817,219,168186.9,37,17926.5,3300724.0,1043029.0,0.16124853671374428,4762.689497716895,14.768782929399368,9.317307692307692,244,175601.3,32,13086.4,1072411.0,0.16374440396452478,4395.127049180328,13.839951134930642,7.864423076923076,272,181948.0,33,14873.5,3489306.0,1102621.0,0.16501408915665491,4053.7536764705883,12.863970588235293,8.667540792540793,0.11475409836065564,0.11445463452762006,0.03614267092555701,0.04010590059731456,-0.07051907461089746,-0.06671310937822028,0.007754067689575539,0.011608854808633273,Layer 05,Layer 03,8.667540792540793,0,TP already at or below ideal,0,0.0,181948.0,272,12.863970588235293,4053.7536764705883,0.0,0.4312370340470565,"Q3: Low PCC, High PPO",Phase 3,"Low TP, High PPO",2,,False,1339,99,16,83,66,0,0,No expansion
Dera Ismail Khan,Khyber Pakhtunkhwa,Multan Region,0.25,Rest,1829811.0,0.01298,68,54757.0,9,5758.0,1806364.0,451591.0,0.12125352365304003,6641.044117647059,15.485576923076923,12.303418803418804,73,59178.2,6,4021.8,457453.0,0.12936454674032086,6266.479452054795,15.589620653319283,12.890384615384615,78,64321.5,8,6277.7,1853562.0,463390.0,0.13880640497205377,5940.897435897436,15.85835798816568,15.090625,0.06849315068493156,0.07100832094312493,0.0869120723509671,0.08382273987406386,0.017238221559238376,0.0119648173411524,0.07298644388779851,0.069935430091709,Layer 05,Layer 03,15.090625,539,Stopped by PPO reaching ideal,43120,422960.0375,530401.5375,617,16.531652459169678,751.0372771474879,466080.0375,0.4312370340470565,"Q3: Low PCC, High PPO",Phase 3,"High TP, High PPO",4,38.0,True,1126,75,1,74,59,539,59,Supply constrained (not enough shops)
Faisalabad,Punjab,Lahore Region,0.408,Stronghold,9075819.0,0.02377,1818,2429996.8,240,205242.8,8865096.0,3616959.0,0.6718342121102284,1989.526402640264,25.704459676736903,16.44573717948718,1966,2562333.9,217,178961.9,3702934.0,0.6919739590281652,1883.4862665310275,25.063912473589482,15.85979262672811,2113,2648083.1,231,182197.8,9291551.0,3790953.0,0.698527019459223,1794.1093232371036,24.10065073355419,15.167982017982016,0.07477110885045768,0.07808451738380051,0.03346527164160773,0.043909750287718596,-0.0384322176775197,-0.03169952498623607,0.009470096880901835,0.01967212452302247,Layer 03,Layer 04,15.167982017982016,2941,Stopped by PPO reaching ideal,235280,2319669.8259740258,5203032.925974026,5054,19.797848337851306,750.0896319746736,2554949.825974026,0.4312370340470565,"Q1: High PCC, High PPO",Phase 1,"High TP, High PPO",1,2.0,True,7822,551,50,501,400,2941,400,Supply constrained (not enough shops)
Ghotki,Sindh,Multan Region,0.264,Rest,1772609.0,0.01215,23,17733.7,3,1727.5,1751330.0,462351.0,0.03835549182331173,20102.217391304348,14.827508361204014,11.073717948717949,25,18134.5,3,839.0,467969.0,0.03875149849669529,18718.76,13.949615384615385,5.378205128205129,28,18393.0,4,1946.2,1794146.0,473655.0,0.038832061310447474,16916.25,12.632554945054945,9.356730769230769,0.1200000000000001,0.10335456873474103,0.014254597590228624,0.018419266665063327,-0.09441553786586732,-0.07697915473090045,0.0020789599596788833,0.0061933537903196,Layer 05,Layer 02,9.356730769230769,0,TP already at or below ideal,0,0.0,18393.0,28,12.632554945054945,16916.25,0.0,0.4312370340470565,"Q3: Low PCC, High PPO",Phase 3,"Low TP, High PPO",4,,False,442,33,1,32,25,0,0,No expansion
Gujranwala,Punjab,Lahore Region,0.477,Stronghold,5959750.0,0.02932,2358,3114447.2,324,280287.1,5789988.0,2761824.0,1.1276776507119932,1171.2569974554708,25.40000652443401,16.63622388414055,2523,3172589.1,288,231501.2,2842801.0,1.116008155336937,1126.7542608006343,24.182056617579804,15.458146367521369,2722,3231103.3,309,235020.1,6134490.0,2926152.0,1.1042158097050323,1075.0007347538574,22.827553976148756,14.626593228777695,0.07887435592548564,0.07441524028961055,0.018443674284829292,0.018556055648060843,-0.05601271483445103,-0.0519903130064433,-0.010566540733158325,-0.010457403658476472,Layer 02,Layer 05,14.626593228777695,1179,Stopped by PPO reaching ideal,94320,896727.1776699029,4222150.477669903,3901,20.813945525160722,750.1030504998719,991047.1776699033,0.4312370340470565,"Q1: High PCC, High PPO",Phase 1,"High TP, High PPO",1,4.0,True,9234,652,72,580,464,1179,464,Supply constrained (not enough shops)
Gujrat,Punjab,Lahore Region,0.388,Stronghold,3219375.0,0.02622,543,626033.1,74,62140.9,3137120.0,1217203.0,0.5143210294420898,2241.6261510128916,22.17145133871653,16.148882536382537,593,636878.1,74,57260.3,1249118.0,0.5098622387956943,2106.4384485666105,20.653719678298092,14.880535343035344,655,649361.1,85,63432.1,3303787.0,1281869.0,0.5065736826461986,1957.0519083969466,19.065211391661773,14.351153846153846,0.10455311973018544,0.09829937181485882,0.019600297136924683,0.01846119484837616,-0.07691148671420411,-0.07269254541642489,-0.006449891557498533,-0.007560203875173976,Layer 03,Layer 04,14.351153846153846,1054,Stopped by PPO reaching ideal,84320,786558.0399999999,1520239.14,1709,17.106710401944454,750.0696313633704,870878.0399999999,0.4312370340470565,"Q1: High PCC, High PPO",Phase 1,"High TP, High PPO",1,5.0,True,1236,97,22,75,60,1054,60,Supply constrained (not enough shops)
Gwadar,Balochistan,Karachi Region,0.435,Rest,305160.0,0.02558,5,3003.1,0,0.0,297549.0,129434.0,0.023201786238546285,25886.8,11.550384615384615,0.0,6,3590.4,1,751.7,132745.0,0.02704734641606087,22124.166666666668,11.507692307692308,14.455769230769231,8,4363.3,2,696.4,312966.0,136140.0,0.03205009548993683,17017.5,10.488701923076924,6.696153846153846,0.33333333333333326,0.26491106406735176,0.21526849376114088,0.20537627747411702,-0.08854862967914434,-0.04706638141166952,0.18496265759014707,0.17531411879026582,Layer 05,Layer 02,6.696153846153846,0,TP already at or below ideal,0,0.0,4363.3,8,10.488701923076924,17017.5,0.0,0.4312370340470565,"Q3: Low PCC, High PPO",Phase 3,"Low TP, High PPO",4,,False,327,20,0,20,16,0,0,No expansion
Hafizabad,Punjab,Lahore Region,0.381,Stronghold,1319909.0,0.0222,103,73298.3,14,7921.4,1291243.0,491964.0,0.14899118634696848,4776.349514563107,13.685268857356236,10.881043956043955,108,75231.1,14,7593.6,502885.0,0.14959901369100292,4656.342592592592,13.39585113960114,10.430769230769231,124,83603.7,19,9817.3,1349211.0,514049.0,0.1626376084770129,4145.556451612903,12.965834367245657,9.936538461538461,0.14814814814814814,0.09721624812323615,0.1112917397193447,0.06798658608166241,-0.0321007428250869,-0.026639837034468483,0.08715695688302616,0.04479287113119468,Layer 05,Layer 03,9.936538461538461,0,TP already at or below ideal,0,0.0,83603.7,124,12.965834367245657,4145.556451612903,0.0,0.4312370340470565,"Q3: Low PCC, High PPO",Phase 3,"Low TP, High PPO",1,,False,562,27,0,27,21,0,0,No expansion
Hangu,Khyber Pakhtunkhwa,Peshawar Region,0.235,Rest,528902.0,0.00322,25,28423.2,3,4352.0,527204.0,123893.0,0.22941731978400717,4955.72,21.864,27.897435897435898,25,26642.8,1,692.4,124292.0,0.21435651530267436,4971.68,20.49446153846154,13.315384615384614,26,24303.5,2,1676.3,530605.0,124692.0,0.1949082539377025,4795.846153846154,17.97596153846154,16.11826923076923,0.040000000000000036,0.01980390271855703,-0.0878023330881138,-0.07530624327572943,-0.12288685873857097,-0.09326317122413941,-0.09072857588448213,-0.07827362565009699,Layer 05,Layer 03,16.11826923076923,140,Stopped by PPO reaching ideal,11200,117340.99999999999,152844.5,166,17.70673076923077,751.156626506024,128541.0,0.4312370340470565,"Q3: Low PCC, High PPO",Phase 3,"High TP, High PPO",4,40.0,True,147,10,0,10,8,140,8,Supply constrained (not enough shops)
Haripur,Khyber Pakhtunkhwa,Islamabad Region,0.195,Stronghold,1174783.0,0.02695,63,45179.1,9,3520.7,1143953.0,223071.0,0.2025323775838186,3540.809523809524,13.790934065934065,7.522863247863247,68,48475.2,7,2073.7,229083.0,0.2116054006626419,3368.8676470588234,13.709049773755655,5.696978021978022,73,49566.0,7,1630.3,1206443.0,235256.0,0.2106896317203387,3222.6849315068494,13.057428872497365,4.4788461538461535,0.07352941176470584,0.07644329099593472,0.022502227943360875,0.047425514220207354,-0.04753217123084208,-0.02695708823534959,-0.004327720083870723,0.019939359338406515,Layer 04,Layer 04,4.4788461538461535,0,TP already at or below ideal,0,0.0,49566.0,73,13.057428872497365,3222.6849315068494,0.0,0.4312370340470565,"Q3: Low PCC, High PPO",Phase 3,"Low TP, High PPO",1,,False,443,23,1,22,17,0,0,No expansion
Hyderabad,Sindh,Karachi Region,0.667,Stronghold,2432540.0,0.01689,1723,1743876.6,215,133852.3,2392137.0,1595555.0,1.0929592524231382,926.0330818340104,19.46377740077682,11.972477638640429,1849,1798982.7,210,123256.3,1622504.0,1.1087693466395152,877.5035154137372,18.71055768190706,11.28720695970696,2003,1867284.0,226,125676.9,2473626.0,1649909.0,1.1317496904374726,823.7189216175736,17.92776220284957,10.694086113002042,0.08328826392644673,0.07819629696459263,0.037966624137074856,0.034778300431500764,-0.04183710033477217,-0.04026910188369692,0.020725991269155086,0.017590881628783528,Layer 02,Layer 05,10.694086113002042,196,Stopped by PPO reaching ideal,15680,108994.12566371681,1991958.1256637168,2199,17.420139623462735,750.299681673488,124674.12566371681,0.4312370340470565,"Q1: High PCC, High PPO",Phase 1,"High TP, High PPO",1,7.0,True,5654,432,47,385,308,196,196,Demand constrained (enough shops)
Islamabad Capital Territory,Islamabad Capital Territory,Islamabad Region,0.346,Stronghold,2363863.0,0.02796,414,334464.0,52,18470.7,2299567.0,795650.0,0.42036573870420413,1921.8599033816424,15.53623188405797,6.830880177514794,439,347942.7,46,13271.5,817897.0,0.42541139043180254,1863.0911161731208,15.241926581391274,5.548285953177258,455,345504.3,40,11267.4,2429957.0,840765.0,0.41094039357014145,1847.8351648351647,14.602886728655958,5.41701923076923,0.036446469248291535,0.04834813703517438,-0.007008050463481519,0.016370470693093386,-0.041926448688941576,-0.030502907586135386,-0.03401647719627976,-0.011274442989373634,Layer 04,Layer 04,5.41701923076923,0,TP already at or below ideal,0,0.0,345504.3,455,14.602886728655958,1847.8351648351647,0.0,0.4312370340470565,"Q3: Low PCC, High PPO",Phase 3,"Low TP, High PPO",1,,False,1413,105,10,95,76,0,0,No expansion
Jacobabad,Sindh,Multan Region,0.3,Rest,1174097.0,0.02592,31,22490.5,3,1254.8,1144433.0,343330.0,0.06550694666938514,11075.161290322581,13.951923076923077,8.043589743589743,31,21709.1,2,1112.8,352229.0,0.061633482762634535,11362.225806451614,13.467183622828783,10.7,33,21135.4,3,926.2,1204530.0,361359.0,0.058488649791481606,10950.272727272728,12.316666666666668,5.937179487179487,0.06451612903225801,0.03175390914319198,-0.026426705851463117,-0.030594051207103123,-0.08543114792107132,-0.060429100193156726,-0.051024748727318325,-0.055086357386539886,Layer 05,Layer 03,5.937179487179487,0,TP already at or below ideal,0,0.0,21135.4,33,12.316666666666668,10950.272727272728,0.0,0.4312370340470565,"Q3: Low PCC, High PPO",Phase 3,"Low TP, High PPO",4,,False,859,48,0,48,38,0,0,No expansion
Jafarabad,Balochistan,Multan Region,0.238,Rest,834664.0,0.02627,18,13778.4,2,1167.8,813299.0,193565.0,0.07118229018675896,10753.611111111111,14.72051282051282,11.228846153846153,20,15026.8,2,822.7,198650.0,0.07564460105713566,9932.5,14.448846153846153,7.910576923076923,20,15077.3,2,1530.5,856591.0,203869.0,0.07395582457362325,10193.45,14.497403846153846,14.716346153846153,0.0,0.05409255338945984,0.0033606622833870503,0.04607396612841108,0.0033606622833870503,-0.007607099808517592,-0.022325142309057244,0.019295750137957812,Layer 05,Layer 03,14.716346153846153,0,TP already at or below ideal,0,0.0,15077.3,20,14.497403846153846,10193.45,0.0,0.4312370340470565,"Q3: Low PCC, High PPO",Phase 3,"Low TP, High PPO",4,,False,327,23,0,23,18,0,0,No expansion
Jamshoro,Sindh,Karachi Region,0.448,Stronghold,1117308.0,0.0197,88,74929.1,13,4431.6,1095722.0,490883.0,0.15264146446301868,5578.215909090909,16.37436625874126,6.555621301775148,98,81069.6,12,5534.6,500554.0,0.1619597485985528,5107.693877551021,15.908477237048666,8.869551282051283,100,81388.2,9,3989.4,1139319.0,510415.0,0.15945495332229656,5104.15,15.651576923076922,8.524358974358975,0.020408163265306145,0.06600358177805221,0.003929956481837804,0.042210546739975374,-0.016148642647799027,-0.022319845303325425,-0.015465541888835865,0.022074952436035078,Layer 05,Layer 03,8.524358974358975,13,Stopped by TP reaching ideal,1040,5762.466666666667,88190.66666666666,113,15.008622645790785,4516.946902654868,6802.46666666666,0.4312370340470565,"Q3: Low PCC, High PPO",Phase 3,"High TP, High PPO",1,19.0,True,830,57,3,54,43,13,13,Demand constrained (enough shops)
Jhal Magsi,Balochistan,Karachi Region,0.208,Rest,203368.0,0.05333,2,462.4,1,128.4,193071.0,40159.0,0.01151423093204512,20079.5,4.446153846153846,2.4692307692307693,2,490.4,0,0.0,42301.0,0.01159310654594454,21150.5,4.7153846153846155,0.0,2,457.7,0,0.0,214214.0,44557.0,0.0102722355634356,22278.5,4.400961538461538,0.0,0.0,0.0,-0.06668026101141922,-0.005095160259832587,-0.06668026101141933,-0.005095160259832587,-0.11393589606670207,-0.05547160759151015,Layer 05,Layer 02,12.952446872193955,0,TP already at or below ideal,0,0.0,457.7,2,4.400961538461538,22278.5,0.0,0.4312370340470565,"Q3: Low PCC, High PPO",Phase 3,"Low TP, High PPO",4,,False,54,5,0,5,4,0,0,No expansion
Jhang,Punjab,Multan Region,0.269,Stronghold,4628663.0,0.01991,274,183226.9,35,8669.8,4538305.0,1220804.0,0.15008707376450273,4455.489051094891,12.85983295901179,4.763626373626373,299,194523.2,34,8449.1,1245110.0,0.15622973070652393,4164.247491638796,12.511139696423978,4.778902714932127,332,205619.4,44,10834.5,4720820.0,1269901.0,0.1619176612980067,3825.003012048193,11.910298887859128,4.735358391608392,0.11036789297658856,0.10076284099563804,0.05704306735649012,0.059345013973223226,-0.04802446644701652,-0.03762647636701888,0.03640747869025951,0.03866492498506169,Layer 05,Layer 03,4.735358391608392,0,TP already at or below ideal,0,0.0,205619.4,332,11.910298887859128,3825.003012048193,0.0,0.4312370340470565,"Q3: Low PCC, High PPO",Phase 3,"Low TP, High PPO",1,,False,3385,227,17,210,168,0,0,No expansion
Jhelum,Punjab,Islamabad Region,0.361,Neighbouring,1382308.0,0.0207,92,88548.2,11,9765.6,1354275.0,488893.0,0.1811197951289955,5314.054347826087,18.509239130434782,17.072727272727274,97,94216.9,11,6806.4,499013.0,0.18880650403897292,5144.4639175257735,18.679004758128468,11.8993006993007,106,101355.4,11,8345.7,1410922.0,509343.0,0.19899242749973986,4805.122641509434,18.388134978229317,14.590384615384616,0.09278350515463907,0.07339364309813123,0.07576666181969482,0.06987632516197406,-0.015572017014052864,-0.003276820166369987,0.05394900727924279,0.048178665460071324,Layer 05,Layer 03,14.590384615384616,573,Stopped by PPO reaching ideal,45840,434735.10000000003,581930.5,679,16.481548091084175,750.1369661266568,480575.1,0.4312370340470565,"Q3: Low PCC, High PPO",Phase 3,"High TP, High PPO",2,22.0,True,597,43,1,42,33,573,33,Supply constrained (not enough shops)
Kachhi,Balochistan,Multan Region,0.212,Rest,442674.0,0.06232,6,2674.9,0,0.0,416705.0,88341.0,0.03027925878131332,14723.5,8.573397435897435,0.0,6,2511.2,0,0.0,93847.0,0.026758447259901754,15641.166666666666,8.048717948717949,0.0,7,2497.4,1,139.8,470261.0,99695.0,0.025050403731380712,14242.142857142857,6.8609890109890115,2.6884615384615387,0.16666666666666674,0.08012344973464347,-0.005495380694488627,-0.03374828375088468,-0.1475674691667045,-0.10542473965684485,-0.06383193732921089,-0.09043289596929949,Layer 05,Layer 03,2.6884615384615387,0,TP already at or below ideal,0,0.0,2497.4,7,6.8609890109890115,14242.142857142857,0.0,0.4312370340470565,"Q3: Low PCC, High PPO",Phase 3,"Low TP, High PPO",4,,False,232,18,0,18,14,0,0,No expansion
Kalat,Balochistan,Karachi Region,0.181,Rest,550598.0,0.04949,3,1197.3,1,247.1,524634.0,94959.0,0.012608599500837203,31653.0,7.675,4.7519230769230765,3,1544.5,0,0.0,99658.0,0.015498003170844288,33219.333333333336,9.900641025641026,0.0,4,1634.4,1,156.6,577847.0,104590.0,0.01562673295726169,26147.5,7.857692307692308,3.0115384615384615,0.33333333333333326,0.15470053837925146,0.05820653933311748,0.16836270510232265,-0.20634509550016178,0.011831783452917799,0.008306217581602882,0.11327042112833885,Layer 05,Layer 02,3.0115384615384615,0,TP already at or below ideal,0,0.0,1634.4,4,7.857692307692308,26147.5,0.0,0.4312370340470565,"Q3: Low PCC, High PPO",Phase 3,"Low TP, High PPO",4,,False,90,6,0,6,4,0,0,No expansion
Karachi,Sindh,Karachi Region,0.692,Stronghold,20382881.0,0.04091,6906,8469174.2,892,752795.4,19581790.0,13550599.0,0.6250036769592251,1962.1487112655661,23.583656909265073,16.22963521904105,7453,8685895.4,811,647947.7,14104954.0,0.6158045889408785,1892.5203273849456,22.411975043606603,15.36440529261121,8049,8864528.0,863,654106.4,21216745.0,14681988.0,0.6037689173972898,1824.076034289974,21.17923870141537,14.575862376325876,0.07996779820206634,0.07958707554899958,0.020565824451443282,0.023074535536934615,-0.05500346755663965,-0.052346439941703626,-0.019544627889650612,-0.01713450331042199,Layer 03,Layer 04,14.575862376325876,11526,Stopped by PPO reaching ideal,922080,8736072.266975667,18522680.266975667,19575,18.196954776476733,750.0377011494253,9658152.266975667,0.4312370340470565,"Q1: High PCC, High PPO",Phase 1,"High TP, High PPO",1,1.0,True,36093,2632,249,2383,1906,11526,1906,Supply constrained (not enough shops)
Karak,Khyber Pakhtunkhwa,Peshawar Region,0.11,Rest,815878.0,0.02456,7,4182.8,1,346.6,796320.0,87595.0,0.04775158399452024,12513.57142857143,11.491208791208791,6.665384615384616,7,4098.1,0,0.0,89747.0,0.04566280767045138,12821.0,11.258516483516484,0.0,8,4466.2,1,665.1,835916.0,91951.0,0.048571521788778806,11493.875,10.736057692307693,12.790384615384616,0.1428571428571428,0.06904496764969759,0.08982211268636675,0.033321662328268165,-0.04640565139942898,-0.033416092308976686,0.06369985260914368,0.008548909337844801,Layer 05,Layer 03,12.790384615384616,0,TP already at or below ideal,0,0.0,4466.2,8,10.736057692307693,11493.875,0.0,0.4312370340470565,"Q3: Low PCC, High PPO",Phase 3,"Low TP, High PPO",4,,False,157,14,1,13,10,0,0,No expansion
Kashmore,Sindh,Multan Region,0.242,Rest,1233957.0,0.02084,20,14589.1,1,907.8,1208766.0,292521.0,0.04987368428249596,14626.05,14.02798076923077,17.457692307692305,24,15775.1,4,1800.7,298618.0,0.052827023153326325,12442.416666666666,12.640304487179488,8.657211538461539,23,14060.3,1,396.1,1259673.0,304841.0,0.04612338891422085,13253.95652173913,11.756103678929765,7.617307692307692,-0.04166666666666663,0.07238052947636087,-0.10870295592420975,-0.0182903884703024,-0.06995091052961022,-0.08455106695282644,-0.12689782310179953,-0.03833263327986747,Layer 05,Layer 03,7.617307692307692,0,TP already at or below ideal,0,0.0,14060.3,23,11.756103678929765,13253.95652173913,0.0,0.4312370340470565,"Q3: Low PCC, High PPO",Phase 3,"Low TP, High PPO",4,,False,587,43,0,43,34,0,0,No expansion
Kasur,Punjab,Lahore Region,0.278,Stronghold,4084286.0,0.02829,409,368379.8,45,31949.7,3971920.0,1104194.0,0.3336187300420035,2699.7408312958437,17.320848222681963,13.653717948717949,433,375473.1,43,32763.8,1135432.0,0.33068743878981743,2622.24480369515,16.675834961804938,14.652862254025045,467,380399.5,57,35195.4,4199830.0,1167553.0,0.32580919238784023,2500.113490364026,15.664614561027838,11.874291497975708,0.07852193995381063,0.06855476740948818,0.013120513826423208,0.016183326701311174,-0.060639866195200676,-0.04901147073176382,-0.014751834601972269,-0.011773594147235888,Layer 04,Layer 04,11.874291497975708,195,Stopped by TP reaching ideal,15600,120405.31578947368,516404.8157894737,662,15.001301876291938,1763.6752265861028,136005.3157894737,0.4312370340470565,"Q3: Low PCC, High PPO",Phase 3,"High TP, High PPO",1,12.0,True,1277,110,12,98,78,195,78,Supply constrained (not enough shops)
Kech,Balochistan,Karachi Region,0.371,Rest,1060931.0,0.02644,37,15068.7,3,519.8,1033603.0,383467.0,0.039295949847053334,10363.972972972973,7.831964656964657,3.3320512820512818,39,15128.8,2,627.0,393605.0,0.0384365036013262,10092.435897435897,7.459960552268244,6.028846153846154,38,14336.0,1,323.6,1088982.0,404012.0,0.03548409453184559,10631.894736842105,7.255060728744939,6.223076923076923,-0.02564102564102566,0.013423419419063443,-0.05240336312199245,-0.024614931880313495,-0.027466609519939622,-0.03753450983122342,-0.07681263363868363,-0.049738862666259154,Layer 05,Layer 03,6.223076923076923,0,TP already at or below ideal,0,0.0,14336.0,38,7.255060728744939,10631.894736842105,0.0,0.4312370340470565,"Q3: Low PCC, High PPO",Phase 3,"Low TP, High PPO",4,,False,587,34,0,34,27,0,0,No expansion
Khairpur,Sindh,Karachi Region,0.381,Population High,2597535.0,0.0129,135,88097.3,17,8971.7,2564454.0,977057.0,0.09016597803403487,7237.459259259259,12.549472934472934,10.14898190045249,146,93517.9,18,8057.2,989661.0,0.09449488259110947,6778.5,12.3179531085353,8.608119658119659,159,101473.2,21,9371.9,2631043.0,1002427.0,0.10122752080700141,6304.572327044025,12.273004354136429,8.582326007326007,0.08904109589041087,0.08525470640664712,0.0850671368796776,0.07323389197077623,-0.0036490441230633275,-0.011076491412483902,0.0712487071392518,0.059565847272076144,Layer 05,Layer 03,8.582326007326007,0,TP already at or below ideal,0,0.0,101473.2,159,12.273004354136429,6304.572327044025,0.0,0.4312370340470565,"Q3: Low PCC, High PPO",Phase 3,"Low TP, High PPO",3,,False,2884,223,5,218,174,0,0,No expansion
Khanewal,Punjab,Multan Region,0.223,Stronghold,3364077.0,0.02386,170,189512.1,17,9350.4,3285681.0,732707.0,0.25864649853215543,4310.041176470589,21.43802036199095,10.57737556561086,194,192252.3,26,12001.1,750189.0,0.2562718195014856,3866.953608247423,19.057523790642346,8.87655325443787,218,198126.8,30,15516.8,3444344.0,768089.0,0.2579477117886078,3523.3440366972477,17.477664079040224,9.946666666666665,0.12371134020618557,0.13241023537253094,0.030556201408253658,0.022476041657512935,-0.08289952718715043,-0.0970798305075834,0.006539510627357581,-0.001351766533119969,Layer 04,Layer 03,9.946666666666665,153,Stopped by TP reaching ideal,12240,79135.68,289502.48,371,15.006348745594028,2070.3207547169814,91375.68,0.4312370340470565,"Q3: Low PCC, High PPO",Phase 3,"High TP, High PPO",1,14.0,True,1678,123,13,110,88,153,88,Supply constrained (not enough shops)
Kharan,Balochistan,Karachi Region,0.275,Rest,562975.0,0.0885,5,2692.5,1,378.2,517203.0,142231.0,0.018930472259915208,28446.2,10.35576923076923,7.273076923076923,6,2755.0,2,328.6,154818.0,0.017795088426410366,25803.0,8.830128205128204,3.159615384615385,8,3401.5,2,413.1,612798.0,168519.0,0.020184667604246406,21064.875,8.176682692307692,3.972115384615385,0.33333333333333326,0.26491106406735176,0.23466424682395637,0.12397688956769293,-0.07400181488203272,-0.11141824789363586,0.1342830741031651,0.03259514016794007,Layer 05,Layer 02,3.972115384615385,0,TP already at or below ideal,0,0.0,3401.5,8,8.176682692307692,21064.875,0.0,0.4312370340470565,"Q3: Low PCC, High PPO",Phase 3,"Low TP, High PPO",4,,False,426,32,0,32,25,0,0,No expansion
Khushab,Punjab,Islamabad Region,0.254,Neighbouring,1501089.0,0.02686,63,28241.2,5,1920.2,1461824.0,371303.0,0.07605971403409076,5893.6984126984125,8.62063492063492,7.385384615384615,66,27880.0,5,1292.8,381277.0,0.07312269032750468,5776.924242424242,8.123543123543124,4.972307692307692,71,27613.3,8,2118.5,1541408.0,391518.0,0.07052881349005664,5514.338028169014,7.4792253521126755,5.092548076923077,0.07575757575757569,0.06159508617180731,-0.009565997130559611,-0.011179224782494224,-0.07931487057206954,-0.06855185362314664,-0.03547294042150917,-0.03704510589971022,Layer 05,Layer 03,5.092548076923077,0,TP already at or below ideal,0,0.0,27613.3,71,7.4792253521126755,5514.338028169014,0.0,0.4312370340470565,"Q3: Low PCC, High PPO",Phase 3,"Low TP, High PPO",2,,False,430,31,1,30,24,0,0,No expansion
Khuzdar,Balochistan,Karachi Region,0.38,Rest,997214.0,0.03765,30,20973.1,3,1139.2,961031.0,365192.0,0.057430338013976207,12173.066666666668,13.44429487179487,7.302564102564103,32,21937.7,2,851.1,378941.0,0.057892125687112245,11841.90625,13.183713942307692,8.183653846153847,33,21737.5,4,1915.6,1034759.0,393208.0,0.05528244593192407,11915.39393939394,12.667540792540793,9.209615384615384,0.03125,0.04880884817015163,-0.009125842727359834,0.01806025679711687,-0.03915233234168214,-0.029317631546188383,-0.04507831979244681,-0.018878170373318404,Layer 05,Layer 03,9.209615384615384,0,TP already at or below ideal,0,0.0,21737.5,33,12.667540792540793,11915.39393939394,0.0,0.4312370340470565,"Q3: Low PCC, High PPO",Phase 3,"Low TP, High PPO",4,,False,547,30,1,29,23,0,0,No expansion
Khyber,Khyber Pakhtunkhwa,Peshawar Region,0.205,Neighbouring,1146267.0,0.02572,38,27796.3,7,4155.4,1117524.0,229092.0,0.12133247778185183,6028.736842105263,14.066953441295546,11.415934065934065,43,30964.1,6,3324.2,234985.0,0.1317705385450135,5464.767441860465,13.84798747763864,10.654487179487178,48,31623.0,6,2472.9,1175749.0,241029.0,0.13119998008538392,5021.4375,12.669471153846153,7.9259615384615385,0.11627906976744184,0.12390297389803262,0.02127948172238181,0.06661586433107125,-0.08510379762369968,-0.05097157930659513,-0.004329939498840862,0.03986832911024751,Layer 05,Layer 03,7.9259615384615385,0,TP already at or below ideal,0,0.0,31623.0,48,12.669471153846153,5021.4375,0.0,0.4312370340470565,"Q3: Low PCC, High PPO",Phase 3,"Low TP, High PPO",2,,False,344,31,3,28,22,0,0,No expansion
Kohat,Khyber Pakhtunkhwa,Peshawar Region,0.228,Neighbouring,1234661.0,0.0177,78,62457.0,9,5866.7,1213188.0,276607.0,0.2257968887266049,3546.24358974359,15.398668639053254,12.53568376068376,82,62361.7,6,3764.7,281503.0,0.22153120925887113,3432.9634146341464,14.62516416510319,12.066346153846153,86,60242.4,8,4458.2,1256514.0,286485.0,0.21028116655322268,3331.220930232558,13.471019677996422,10.716826923076923,0.04878048780487809,0.050030524586834435,-0.033983999794745756,-0.017889005814836212,-0.07891497654847857,-0.0646833866362081,-0.050783105203484724,-0.034969116557650004,Layer 04,Layer 04,10.716826923076923,0,TP already at or below ideal,0,0.0,60242.4,86,13.471019677996422,3331.220930232558,0.0,0.4312370340470565,"Q3: Low PCC, High PPO",Phase 3,"Low TP, High PPO",2,,False,450,38,3,35,28,0,0,No expansion
Kohistan,Khyber Pakhtunkhwa,Islamabad Region,0.107,Rest,1043126.0,0.04859,12,12756.1,2,1147.1,994789.0,106442.0,0.11984085229514665,8870.166666666666,20.44246794871795,11.029807692307692,12,12240.9,1,910.0,111614.0,0.10967172576916874,9301.166666666666,19.61682692307692,17.5,12,11703.7,0,0.0,1093811.0,117038.0,0.09999914557665032,9753.166666666666,18.75592948717949,0.0,0.0,0.0,-0.043885662001976855,-0.04213868700453072,-0.043885662001976744,-0.04213868700453072,-0.08819575077059294,-0.08652703172739018,Layer 05,Layer 03,8.403115786652373,8,Stopped by TP reaching ideal,640,3495.696167247387,15839.396167247389,20,15.230188622353259,5851.9,4135.696167247388,0.4312370340470565,"Q3: Low PCC, High PPO",Phase 3,"High TP, High PPO",4,41.0,True,53,3,0,3,2,8,2,Supply constrained (not enough shops)
Kohlu,Balochistan,Multan Region,0.142,Rest,260220.0,0.03318,3,2999.2,0,0.0,251863.0,35765.0,0.08385852090032153,11921.666666666666,19.225641025641025,0.0,3,2769.4,0,0.0,36951.0,0.07494790398094775,12317.0,17.752564102564104,0.0,4,2726.0,1,168.8,268854.0,38177.0,0.07140424863137491,9544.25,13.10576923076923,3.246153846153846,0.33333333333333326,0.15470053837925146,-0.01567126453383405,-0.04663278721611697,-0.2617534484003756,-0.17435977459399288,-0.04728158042249797,-0.07724070670771899,Layer 05,Layer 03,3.246153846153846,0,TP already at or below ideal,0,0.0,2726.0,4,13.10576923076923,9544.25,0.0,0.4312370340470565,"Q3: Low PCC, High PPO",Phase 3,"Low TP, High PPO",4,,False,51,1,1,0,0,0,0,No expansion
Kurram,Khyber Pakhtunkhwa,Peshawar Region,0.133,Rest,785434.0,0.04151,8,7952.5,1,423.0,754130.0,100299.0,0.07928792909201487,12537.375,19.11658653846154,8.134615384615385,10,7824.7,3,934.1,104463.0,0.07490403300690196,10446.3,15.0475,5.987820512820513,11,8519.8,1,179.5,818037.0,108799.0,0.07830770503405361,9890.818181818182,14.894755244755244,3.451923076923077,0.10000000000000009,0.17260393995585743,0.08883407670581622,0.03505364974161873,-0.010150839358348929,-0.1173032816343913,0.04544043745732651,-0.006200644479441797,Layer 05,Layer 03,3.451923076923077,0,TP already at or below ideal,0,0.0,8519.8,11,14.894755244755244,9890.818181818182,0.0,0.4312370340470565,"Q3: Low PCC, High PPO",Phase 3,"Low TP, High PPO",4,,False,114,9,0,9,7,0,0,No expansion
Lahore,Punjab,Lahore Region,0.71,Stronghold,13004135.0,0.02643,8922,10119031.6,1143,652350.8,12669286.0,8995193.0,1.1249376861619311,1008.2036538892625,21.810890107426758,10.97568477017296,9532,10344827.3,1006,542952.2,9232936.0,1.120426622690767,968.625262274444,20.870644831982958,10.37911377886527,10222,10464261.9,1056,537110.3,13347834.0,9476962.0,1.1041789446871266,927.1142633535511,19.686539402194363,9.781291885198137,0.07238774653797742,0.07037714873264611,0.011545344986087835,0.016915399979266166,-0.05673545016558512,-0.04994664620473277,-0.014501331612971513,-0.009269580950751255,Layer 02,Layer 05,9.781291885198137,2413,Stopped by PPO reaching ideal,193040,1227317.3805871215,11884619.280587122,12635,18.088672004789995,750.0563514048279,1420357.3805871215,0.4312370340470565,"Q1: High PCC, High PPO",Phase 1,"High TP, High PPO",1,3.0,True,28058,1952,281,1671,1336,2413,1336,Supply constrained (not enough shops)
Lakki Marwat,Khyber Pakhtunkhwa,Peshawar Region,0.18,Rest,1040856.0,0.02412,20,17213.9,1,666.6,1016342.0,182942.0,0.09409484973379542,9147.1,16.551826923076923,12.819230769230769,20,16687.0,1,299.2,187354.0,0.08906668659329398,9367.7,16.045192307692307,5.753846153846154,21,16141.3,2,1076.7,1065961.0,191873.0,0.08412491596003606,9136.809523809523,14.781410256410256,10.352884615384616,0.050000000000000044,0.02469507659595993,-0.03270210343381075,-0.03165610956287024,-0.07876390803220068,-0.054993126683138605,-0.055483939307449104,-0.054461111972077814,Layer 05,Layer 03,10.352884615384616,0,TP already at or below ideal,0,0.0,16141.3,21,14.781410256410256,9136.809523809523,0.0,0.4312370340470565,"Q3: Low PCC, High PPO",Phase 3,"Low TP, High PPO",4,,False,271,20,0,20,16,0,0,No expansion
Lasbela,Balochistan,Karachi Region,0.414,Neighbouring,680977.0,0.02822,37,39616.8,5,3362.2,662287.0,274187.0,0.14448825071939955,7410.459459459459,20.590852390852394,12.93153846153846,38,41174.9,3,2423.0,281924.0,0.14604964458506547,7419.0526315789475,20.837500000000002,15.532051282051283,44,43688.3,8,4209.2,700194.0,289880.0,0.15071167379605355,6588.181818181818,19.094536713286715,10.118269230769231,0.1578947368421053,0.09049951361254127,0.06104204260362511,0.05012954262764535,-0.08364550866050569,-0.0370197056311935,0.031920852832152624,0.021309049213278364,Layer 05,Layer 03,10.118269230769231,53,Stopped by TP reaching ideal,4240,27885.95,75814.25,97,15.03058088818398,2988.453608247423,32125.949999999997,0.4312370340470565,"Q3: Low PCC, High PPO",Phase 3,"High TP, High PPO",2,29.0,True,460,31,2,29,23,53,23,Supply constrained (not enough shops)
Layyah,Punjab,Multan Region,0.203,Neighbouring,2102386.0,0.02396,60,62803.4,7,3675.8,2053192.0,416798.0,0.15068066545424882,6946.633333333333,20.129294871794873,10.098351648351649,71,68259.4,12,5533.1,426784.0,0.1599389855289795,6011.042253521126,18.488461538461536,8.867147435897436,80,71850.0,12,3811.1,2152759.0,437010.0,0.16441271366787946,5462.625,17.271634615384617,6.1075320512820515,0.12676056338028174,0.15470053837925146,0.05260227895352143,0.06960101974526611,-0.06581547742874949,-0.07369834498685857,0.02797146751996471,0.04457333179804279,Layer 05,Layer 03,6.1075320512820515,24,Stopped by TP reaching ideal,1920,7622.2,81392.2,104,15.050332840236686,4202.0192307692305,9542.199999999997,0.4312370340470565,"Q3: Low PCC, High PPO",Phase 3,"High TP, High PPO",2,31.0,True,1053,75,3,72,57,24,24,Demand constrained (enough shops)
Lodhran,Punjab,Multan Region,0.213,Neighbouring,1928299.0,0.02125,95,85134.3,7,3770.4,1888175.0,402181.0,0.21168155631419686,4233.484210526316,17.233663967611335,10.358241758241759,100,84164.9,9,3489.6,410728.0,0.20491639235698564,4107.28,16.18555769230769,7.456410256410257,110,82401.2,15,6107.8,1969275.0,419456.0,0.19644777998169055,3813.2363636363634,14.405804195804196,7.830512820512821,0.10000000000000009,0.07605517369794068,-0.020955291338788484,-0.016182635995933503,-0.1099593557625348,-0.0857184761046148,-0.04132715922766139,-0.03665454505975485,Layer 05,Layer 03,7.830512820512821,0,TP already at or below ideal,0,0.0,82401.2,110,14.405804195804196,3813.2363636363634,0.0,0.4312370340470565,"Q3: Low PCC, High PPO",Phase 3,"Low TP, High PPO",2,,False,924,82,4,78,62,0,0,No expansion
Loralai,Balochistan,Multan Region,0.176,Rest,477476.0,0.03106,3,1983.3,0,0.0,463092.0,81504.0,0.024333775029446406,27168.0,12.713461538461539,0.0,5,2314.1,2,460.4,84036.0,0.02753700794897425,16807.2,8.900384615384615,4.426923076923076,6,2780.3,1,197.5,492306.0,86646.0,0.032088036377905506,14441.0,8.91121794871795,3.798076923076923,0.19999999999999996,0.41421356237309515,0.20146061103668833,0.18399978605134737,0.0012171758639067942,-0.16278572235967081,0.16526953245480636,0.1483303053852265,Layer 05,Layer 03,3.798076923076923,0,TP already at or below ideal,0,0.0,2780.3,6,8.91121794871795,14441.0,0.0,0.4312370340470565,"Q3: Low PCC, High PPO",Phase 3,"Low TP, High PPO",4,,False,86,6,0,6,4,0,0,No expansion
Lower Dir,Khyber Pakhtunkhwa,Peshawar Region,0.153,Rest,1650183.0,0.02343,28,16163.3,3,627.7,1612404.0,246698.0,0.06551856926282337,8810.642857142857,11.101167582417581,4.023717948717949,29,16317.3,3,1003.3,252478.0,0.06462860130387597,8706.137931034482,10.820490716180371,6.431410256410256,33,17658.8,5,1137.5,1688847.0,258394.0,0.0683405961438733,7830.121212121212,10.29067599067599,4.375,0.13793103448275867,0.08562029668361881,0.08221335637636118,0.045238930872611105,-0.048964020154106835,-0.037196583312200104,0.0574357910446488,0.021309046711642354,Layer 05,Layer 03,4.375,0,TP already at or below ideal,0,0.0,17658.8,33,10.29067599067599,7830.121212121212,0.0,0.4312370340470565,"Q3: Low PCC, High PPO",Phase 3,"Low TP, High PPO",4,,False,385,24,1,23,18,0,0,No expansion
Malakand,Khyber Pakhtunkhwa,Peshawar Region,0.08,Neighbouring,826250.0,0.02373,6,6623.0,0,0.0,807098.0,64568.0,0.10257403047949448,10761.333333333334,21.227564102564102,0.0,8,7628.3,2,1507.4,66100.0,0.11540544629349471,8262.5,18.337259615384617,14.49423076923077,9,9708.2,1,1523.5,845857.0,67669.0,0.1434659888575271,7518.777777777777,20.744017094017096,29.298076923076923,0.125,0.22474487139158894,0.27265576865094454,0.2107151582113831,0.13124957213417288,-0.011455212843034746,0.24314747237032375,0.1826487243544015,Layer 05,Layer 03,29.298076923076923,81,Stopped by PPO reaching ideal,6480,123403.5,139591.7,90,29.82728632478633,751.8777777777777,129883.50000000001,0.4312370340470565,"Q3: Low PCC, High PPO",Phase 3,"High TP, High PPO",2,27.0,True,44,3,1,2,1,81,1,Supply constrained (not enough shops)
Mandi Bahauddin,Punjab,Lahore Region,0.237,Neighbouring,1829486.0,0.02323,87,72773.5,10,6219.1,1787952.0,423745.0,0.17173889957403626,4870.632183908046,16.08609637488948,11.959807692307693,92,74490.8,10,5866.5,433588.0,0.1718008800981577,4712.913043478261,15.570819397993311,11.28173076923077,98,77042.4,9,3723.4,1871985.0,443660.0,0.17365189559572644,4527.142857142857,15.118210361067502,7.955982905982906,0.0652173913043479,0.06133726101046477,0.03425389444065563,0.028912090113054623,-0.029067772565915084,-0.030551241427761888,0.010774191008283474,0.005554065752075843,Layer 05,Layer 03,7.955982905982906,2,Stopped by TP reaching ideal,160,827.4222222222222,78029.82222222221,100,15.00573504273504,4436.6,987.4222222222161,0.4312370340470565,"Q3: Low PCC, High PPO",Phase 3,"High TP, High PPO",2,36.0,True,541,39,5,34,27,2,2,Demand constrained (enough shops)
Mansehra,Khyber Pakhtunkhwa,Islamabad Region,0.212,Neighbouring,1997622.0,0.02455,61,54090.1,3,1336.7,1949756.0,413348.0,0.1308585017950976,6776.196721311476,17.05236443883985,8.568589743589744,61,50585.7,3,2103.9,423496.0,0.11944788144398058,6942.55737704918,15.947572509457755,13.486538461538462,72,54109.1,11,5148.3,2046664.0,433893.0,0.12470609113306737,6026.291666666667,14.45221688034188,9.000524475524475,0.180327868852459,0.08642895251022242,0.06965209535501149,0.0001756174584686132,-0.09376697476867091,-0.07939160204858609,0.04402095395515926,-0.023790878156688122,Layer 05,Layer 03,9.000524475524475,0,TP already at or below ideal,0,0.0,54109.1,72,14.45221688034188,6026.291666666667,0.0,0.4312370340470565,"Q3: Low PCC, High PPO",Phase 3,"Low TP, High PPO",2,,False,778,59,3,56,44,0,0,No expansion
Mardan,Khyber Pakhtunkhwa,Peshawar Region,0.198,Stronghold,2744898.0,0.02453,165,134505.2,16,5770.2,2679178.0,530477.0,0.2535551965495205,3215.012121212121,15.676596736596737,6.935336538461538,173,131930.8,20,7994.5,543490.0,0.24274742865554103,3141.5606936416184,14.665495775900398,7.687019230769231,189,137098.3,22,9897.2,2812230.0,556822.0,0.24621566676604012,2946.1481481481483,13.949765974765974,8.651398601398602,0.09248554913294793,0.07025910201901375,0.03916826093679404,0.009593387731734015,-0.04880365533298725,-0.05668320332229404,0.0142874350089226,-0.014579519934094454,Layer 04,Layer 04,8.651398601398602,0,TP already at or below ideal,0,0.0,137098.3,189,13.949765974765974,2946.1481481481483,0.0,0.4312370340470565,"Q3: Low PCC, High PPO",Phase 3,"Low TP, High PPO",1,,False,1107,86,2,84,67,0,0,No expansion
Mastung,Balochistan,Multan Region,0.168,Rest,313271.0,0.02785,1,582.3,0,0.0,304783.0,51204.0,0.011372158425123036,51204.0,11.198076923076922,0.0,1,544.1,0,0.0,52630.0,0.01033821014630439,52630.0,10.463461538461539,0.0,2,943.7,1,435.2,321996.0,54095.0,0.017445235234310012,27047.5,9.074038461538462,8.36923076923077,1.0,0.41421356237309515,0.7344238191508914,0.27304449278545206,-0.1327880904245543,-0.099821606399218,0.6874521786100642,0.23855975544016395,Layer 05,Layer 02,8.36923076923077,0,TP already at or below ideal,0,0.0,943.7,2,9.074038461538462,27047.5,0.0,0.4312370340470565,"Q3: Low PCC, High PPO",Phase 3,"Low TP, High PPO",4,,False,42,5,0,5,4,0,0,No expansion
Matiari,Sindh,Karachi Region,0.179,Neighbouring,849383.0,0.01648,26,26965.4,3,2044.5,835612.0,149575.0,0.1802801270265753,5752.884615384615,19.9448224852071,13.10576923076923,28,28696.6,2,982.0,152040.0,0.18874375164430413,5430.0,19.709203296703297,9.442307692307692,31,30155.1,5,3633.4,863381.0,154545.0,0.1951218091817917,4985.322580645161,18.706637717121588,13.974615384615385,0.1071428571428572,0.09192842819833769,0.0508248363917676,0.05749166508073955,-0.050867889710661474,-0.03153756439368305,0.033792151962239725,0.040348821069720264,Layer 05,Layer 03,13.974615384615385,175,Stopped by PPO reaching ideal,14000,127169.0,171324.1,206,15.993661314413743,750.2184466019418,141169.0,0.4312370340470565,"Q3: Low PCC, High PPO",Phase 3,"High TP, High PPO",2,25.0,True,214,16,0,16,12,175,12,Supply constrained (not enough shops)
Mianwali,Punjab,Peshawar Region,0.287,Neighbouring,1798268.0,0.02589,62,46223.4,7,1911.3,1752886.0,503078.0,0.09188117945924887,8114.1612903225805,14.33728287841191,5.250824175824175,66,45136.5,8,2894.3,516103.0,0.08745637983115774,7819.742424242424,13.151660839160838,6.957451923076923,67,44811.9,4,875.0,1844825.0,529465.0,0.08463618936095871,7902.462686567164,12.86219862227325,4.206730769230769,0.015151515151515138,0.03954084156916249,-0.007191519058854734,-0.015386614717403768,-0.022009556087827065,-0.05283818979507782,-0.032246823795401336,-0.040235305692936096,Layer 05,Layer 03,4.206730769230769,0,TP already at or below ideal,0,0.0,44811.9,67,12.86219862227325,7902.462686567164,0.0,0.4312370340470565,"Q3: Low PCC, High PPO",Phase 3,"Low TP, High PPO",2,,False,924,62,5,57,45,0,0,No expansion
Mirpurkhas,Sindh,Karachi Region,0.24,Neighbouring,1681386.0,0.01871,110,73428.9,14,5620.8,1650505.0,396121.0,0.18536987435657284,3601.1,12.83722027972028,7.720879120879121,118,76088.4,13,5191.9,403533.0,0.18855558281478838,3419.771186440678,12.400325945241198,7.680325443786982,127,77787.4,13,4015.6,1712845.0,411083.0,0.18922553352972513,3236.8740157480315,11.778831011508176,5.9402366863905325,0.07627118644067798,0.07449776851580969,0.022329290667171264,0.02925057118612706,-0.05011924174231319,-0.04211008962092311,0.003553067508983876,0.01034638388592568,Layer 05,Layer 04,5.9402366863905325,0,TP already at or below ideal,0,0.0,77787.4,127,11.778831011508176,3236.8740157480315,0.0,0.4312370340470565,"Q3: Low PCC, High PPO",Phase 3,"Low TP, High PPO",2,,False,349,25,2,23,18,0,0,No expansion
Mohmand,Khyber Pakhtunkhwa,Peshawar Region,0.13,Neighbouring,553933.0,0.02619,24,20842.3,7,2644.0,539796.0,70173.0,0.29701309620509314,2923.875,16.700560897435896,7.263736263736264,24,22308.2,2,1199.9,72011.0,0.3097887822693755,3000.4583333333335,17.875160256410258,11.537500000000001,24,22320.9,0,0.0,568441.0,73897.0,0.3020542105904164,3079.0416666666665,17.88533653846154,0.0,0.0,0.0,0.0005692973884043884,0.0348634047295906,0.0005692973884043884,0.03486340472959082,-0.02496724259122307,0.008450643659946966,Layer 04,Layer 04,7.603970531955606,11,Stopped by TP reaching ideal,880,4349.4711442786065,27550.371144278608,35,15.137566562790443,2111.342857142857,5229.4711442786065,0.4312370340470565,"Q3: Low PCC, High PPO",Phase 3,"High TP, High PPO",2,33.0,True,75,7,2,5,4,11,4,Supply constrained (not enough shops)
Multan,Punjab,Multan Region,0.424,Stronghold,5362305.0,0.02055,714,678971.1,95,46857.5,5254329.0,2227835.0,0.3047672291709215,3120.217086834734,18.287306076276664,9.485323886639677,767,713599.2,88,38350.8,2273617.0,0.3138607777827136,2964.298565840939,17.891866412596528,8.380856643356644,814,728019.2,86,31765.2,5472500.0,2320340.0,0.3137553979158227,2850.5405405405404,17.1994707994708,7.103130590339893,0.06127770534550203,0.06773405977751001,0.02020742175719925,0.03548967285852522,-0.0386989035776758,-0.03019889327657488,-0.0003357535389906241,0.014638809354999394,Layer 04,Layer 04,7.103130590339893,281,Stopped by TP reaching ideal,22480,103790.94418604652,854290.1441860464,1095,15.003339378047883,2119.0319634703196,126270.94418604649,0.4312370340470565,"Q3: Low PCC, High PPO",Phase 3,"High TP, High PPO",1,11.0,True,5602,412,27,385,308,281,281,Demand constrained (enough shops)
Musakhel,Balochistan,Multan Region,0.12,Rest,182275.0,0.01445,2,1346.3,0,0.0,179679.0,21561.0,0.062441445201985066,10780.5,12.945192307692308,0.0,3,1871.7,1,576.2,21873.0,0.08557125222877521,7291.0,11.998076923076923,11.080769230769231,3,2610.4,0,0.0,184909.0,22189.0,0.11764387759700753,7396.333333333333,16.733333333333334,0.0,0.0,0.22474487139158894,0.3946679489234386,0.392459612275724,0.3946679489234388,0.13693851250307576,0.37480607719150805,0.37261326684655316,Layer 05,Layer 03,8.16663285109386,0,Stopped by TP reaching ideal,0,0.0,2610.4,3,16.733333333333334,7396.333333333333,0.0,0.4312370340470565,"Q3: Low PCC, High PPO",Phase 3,"High TP, High PPO",4,,False,21,1,1,0,0,0,0,No expansion
Muzaffargarh,Punjab,Multan Region,0.231,Stronghold,5015325.0,0.02485,169,188769.3,18,7597.0,4893716.0,1130448.0,0.16698627446817543,6689.041420118343,21.48034820209376,8.116452991452991,176,185988.2,18,9218.9,1158540.0,0.1605367099970653,6582.613636363636,20.322137237762238,9.849252136752137,185,188688.6,16,5622.4,5139956.0,1187330.0,0.15891841358341827,6418.0,19.614199584199586,6.757692307692308,0.051136363636363535,0.046266962210418816,0.014519200680473299,-0.00021377582789350313,-0.0348357874607389,-0.0444253137269226,-0.01008053805062159,-0.024456313193902957,Layer 05,Layer 03,6.757692307692308,127,Stopped by TP reaching ideal,10160,44627.8,243476.40000000002,312,15.00717455621302,3805.5448717948716,54787.80000000002,0.4312370340470565,"Q3: Low PCC, High PPO",Phase 3,"High TP, High PPO",1,16.0,True,2844,213,5,208,166,127,127,Demand constrained (enough shops)
Narowal,Punjab,Lahore Region,0.168,Stronghold,1950954.0,0.02246,51,30624.7,10,3278.9,1908098.0,320560.0,0.09553500124781632,6285.490196078431,11.547775263951735,6.305576923076924,52,33969.7,1,146.2,327760.0,0.10364199414205515,6303.076923076923,12.562758875739643,2.8115384615384613,55,33658.0,5,1962.6,1994772.0,335122.0,0.10043506543885511,6093.127272727273,11.768531468531469,7.548461538461538,0.05769230769230771,0.03847550406787148,-0.009175824337571359,0.04835466368661612,-0.06322077937370374,0.009513136881945217,-0.030942367808984073,0.025324716538556835,Layer 05,Layer 03,7.548461538461538,0,TP already at or below ideal,0,0.0,33658.0,55,11.768531468531469,6093.127272727273,0.0,0.4312370340470565,"Q3: Low PCC, High PPO",Phase 3,"Low TP, High PPO",1,,False,664,53,1,52,41,0,0,No expansion
Nasirabad,Balochistan,Multan Region,0.225,Rest,563315.0,0.02359,7,4407.6,0,0.0,550333.0,123825.0,0.035595396729255,17689.285714285714,12.10879120879121,0.0,10,5466.1,3,1245.7,126746.0,0.043126410300916795,12674.6,10.51173076923077,7.985256410256411,10,5595.2,1,365.4,576604.0,129736.0,0.04312758216686193,12973.6,10.76,7.026923076923077,0.0,0.19522860933439357,0.023618301897147864,0.1266959164632533,0.023618301897147864,-0.05733856463601994,2.7172814453191307e-05,0.1007295782197537,Layer 05,Layer 03,7.026923076923077,0,TP already at or below ideal,0,0.0,5595.2,10,10.76,12973.6,0.0,0.4312370340470565,"Q3: Low PCC, High PPO",Phase 3,"Low TP, High PPO",4,,False,184,17,0,17,13,0,0,No expansion
Naushehro Feroze,Sindh,Karachi Region,0.322,Neighbouring,1777082.0,0.01638,98,67379.7,11,4913.7,1748443.0,562999.0,0.11967996390757354,5744.8877551020405,13.222076138147566,8.590384615384615,107,71832.9,13,6538.6,572220.0,0.12553371081052742,5347.85046728972,12.910298346513299,9.672485207100593,116,76534.4,12,6468.9,1806191.0,581594.0,0.13159420489207246,5013.741379310345,12.688063660477452,10.366826923076923,0.08411214953271018,0.08796758655198689,0.06545051083834852,0.06577076848715424,-0.017213752933592397,-0.020402095006506138,0.04827782149045512,0.04859469786334425,Layer 05,Layer 03,10.366826923076923,0,TP already at or below ideal,0,0.0,76534.4,116,12.688063660477452,5013.741379310345,0.0,0.4312370340470565,"Q3: Low PCC, High PPO",Phase 3,"Low TP, High PPO",2,,False,1438,92,7,85,68,0,0,No expansion
Nawabshah,Sindh,Karachi Region,0.34,Neighbouring,1845102.0,0.02261,74,70291.4,18,8382.5,1804307.0,613464.0,0.11458113271520415,8290.054054054053,18.26699584199584,8.955662393162394,83,80750.8,14,5919.5,627335.0,0.12872038065786223,7558.253012048192,18.70963855421687,8.13118131868132,92,87815.9,12,4649.1,1886820.0,641519.0,0.13688744994302585,6973.032608695652,18.356166387959863,7.4504807692307695,0.10843373493975905,0.11500818079655506,0.08749263165194643,0.11772633016277956,-0.01889251709661377,0.0024377842360607804,0.06344814429093115,0.0930128328788633,Layer 05,Layer 03,7.4504807692307695,51,Stopped by TP reaching ideal,4080,19758.675,111654.575,143,15.015408149542765,4486.146853146854,23838.675000000003,0.4312370340470565,"Q3: Low PCC, High PPO",Phase 3,"High TP, High PPO",2,30.0,True,1269,81,3,78,62,51,51,Demand constrained (enough shops)
North Waziristan,Khyber Pakhtunkhwa,Peshawar Region,0.173,Rest,693332.0,0.04236,11,6598.3,0,0.0,665156.0,115072.0,0.05734062152391546,10461.09090909091,11.53548951048951,0.0,13,6861.3,2,490.5,119946.0,0.0572032414586564,9226.615384615385,10.149852071005917,4.716346153846154,14,6901.8,2,274.9,722702.0,125027.0,0.05520247626512673,8930.5,9.480494505494505,2.6432692307692305,0.07692307692307687,0.12815214963553245,0.0059026715053998036,0.02273979883384669,-0.0659475193164144,-0.09343806226468732,-0.03497643039994014,-0.018821367517485976,Layer 05,Layer 03,2.6432692307692305,0,TP already at or below ideal,0,0.0,6901.8,14,9.480494505494505,8930.5,0.0,0.4312370340470565,"Q3: Low PCC, High PPO",Phase 3,"Low TP, High PPO",4,,False,107,4,0,4,3,0,0,No expansion
Nowshera,Khyber Pakhtunkhwa,Peshawar Region,0.256,Stronghold,1740705.0,0.02274,141,129854.6,23,13328.4,1702001.0,435712.0,0.29802851424794363,3090.1560283687945,17.710665575559194,11.144147157190636,157,145171.7,26,17490.1,445620.0,0.32577465104797815,2838.3439490445858,17.781932876041157,12.936464497041419,173,163059.2,20,8309.6,1780289.0,455754.0,0.3577789772552737,2634.416184971098,18.12574477545576,7.99,0.10191082802547768,0.10767791104180158,0.12321616403197044,0.12058288284408492,0.01933490030647045,0.011650473186872512,0.09824068909088357,0.09566679509079878,Layer 04,Layer 04,7.99,98,Stopped by TP reaching ideal,7840,40717.04,211616.24000000002,271,15.01676412148737,1681.7490774907749,48557.04000000001,0.4312370340470565,"Q3: Low PCC, High PPO",Phase 3,"High TP, High PPO",1,17.0,True,634,37,3,34,27,98,27,Supply constrained (not enough shops)
Nushki,Balochistan,Karachi Region,0.295,Rest,207834.0,0.02526,4,1291.8,1,133.1,202713.0,59800.0,0.02160200668896321,14950.0,6.210576923076923,2.5596153846153844,5,1502.3,1,205.2,61311.0,0.024502944006785078,12262.2,5.778076923076923,3.946153846153846,5,1547.7,0,0.0,213084.0,62860.0,0.024621380846325168,12572.0,5.952692307692308,0.0,0.0,0.1180339887498949,0.03022032882912873,0.09457557091590973,0.03022032882912873,-0.020981846768553747,0.004833575896320497,0.06760144970091853,Layer 05,Layer 03,12.952446872193955,0,TP already at or below ideal,0,0.0,1547.7,5,5.952692307692308,12572.0,0.0,0.4312370340470565,"Q3: Low PCC, High PPO",Phase 3,"Low TP, High PPO",4,,False,109,3,0,3,2,0,0,No expansion
Okara,Punjab,Lahore Region,0.304,Neighbouring,3515490.0,0.02447,148,125318.5,15,7216.4,3431521.0,1043182.0,0.12013100302727617,7048.527027027027,16.28358887733888,9.251794871794871,161,125155.8,21,8285.4,1068709.0,0.117109334720677,6637.944099378882,14.94933110367893,7.587362637362637,175,129388.3,17,9093.1,3601514.0,1094860.0,0.11817794055861024,6256.342857142857,14.218494505494506,10.28631221719457,0.08695652173913038,0.08739709050209998,0.03381784943246746,0.01610809072588615,-0.04888757852212988,-0.06555930708192037,0.009124856190858122,-0.008162196775202024,Layer 05,Layer 03,10.28631221719457,0,TP already at or below ideal,0,0.0,129388.3,175,14.218494505494506,6256.342857142857,0.0,0.4312370340470565,"Q3: Low PCC, High PPO",Phase 3,"Low TP, High PPO",2,,False,1782,130,6,124,99,0,0,No expansion
Orakzai,Khyber Pakhtunkhwa,Peshawar Region,0.101,Neighbouring,387561.0,0.07275,10,9620.6,0,0.0,361278.0,36489.0,0.26365754062868263,3648.9,18.501153846153848,0.0,9,8608.0,0,0.0,39144.0,0.2199059881463315,4349.333333333333,18.39316239316239,0.0,10,8568.5,1,247.3,415756.0,41991.0,0.20405563096854087,4199.1,16.477884615384614,4.755769230769231,0.11111111111111116,0.0,-0.004588754646840165,-0.05626226293161163,-0.1041298791821561,-0.05626226293161174,-0.07207787887632855,-0.12026029451808995,Layer 04,Layer 03,4.755769230769231,1,Stopped by TP reaching ideal,80,247.3,8895.8,11,15.5520979020979,3817.3636363636365,327.2999999999993,0.4312370340470565,"Q3: Low PCC, High PPO",Phase 3,"High TP, High PPO",2,37.0,True,31,3,0,3,2,1,1,Demand constrained (enough shops)
Pakpattan,Punjab,Multan Region,0.222,Rest,2136170.0,0.02666,90,79423.0,9,5786.6,2080699.0,461915.0,0.17194288992563567,5132.388888888889,16.970726495726495,12.364529914529916,99,81633.5,13,6739.0,474230.0,0.17213904645425215,4790.20202020202,15.857323232323232,9.968934911242604,108,84460.3,13,5283.4,2193120.0,486873.0,0.1734750129910675,4508.083333333333,15.03922720797721,7.8156804733727805,0.09090909090909083,0.09544511501033215,0.03462794073511488,0.03122436617283486,-0.051591054326144636,-0.05862525466361823,0.00776097326163816,0.004445444457620962,Layer 05,Layer 03,7.8156804733727805,0,Stopped by TP reaching ideal,0,0.0,84460.3,108,15.03922720797721,4508.083333333333,0.0,0.4312370340470565,"Q3: Low PCC, High PPO",Phase 3,"High TP, High PPO",4,,False,943,60,2,58,46,0,0,No expansion
Panjgur,Balochistan,Karachi Region,0.251,Rest,509781.0,0.08334,7,3418.9,1,358.6,470564.0,118112.0,0.028946254402600922,16873.14285714286,9.392582417582418,6.8961538461538465,9,4197.1,3,1243.2,127955.0,0.03280137548356844,14217.222222222223,8.968162393162395,7.969230769230769,9,4346.5,0,0.0,552266.0,138619.0,0.03135573045542098,15402.111111111111,9.287393162393162,0.0,0.0,0.1338934190276817,0.035596006766576815,0.12752620162095418,0.03559600676657659,-0.005615357933894227,-0.044072695331683565,0.04078799420366752,Layer 05,Layer 02,12.952446872193955,0,TP already at or below ideal,0,0.0,4346.5,9,9.287393162393162,15402.111111111111,0.0,0.4312370340470565,"Q3: Low PCC, High PPO",Phase 3,"Low TP, High PPO",4,,False,150,11,0,11,8,0,0,No expansion
Peshawar,Khyber Pakhtunkhwa,Peshawar Region,0.377,Stronghold,4758762.0,0.01578,631,742770.4,79,36677.8,4684835.0,1766183.0,0.4205512112844479,2799.0221870047544,22.637157137632574,8.928383641674781,681,768890.1,70,28848.3,1794053.0,0.42857713791064145,2634.43906020558,21.712699085055913,7.925357142857143,748,785425.1,82,28920.2,4833855.0,1822363.0,0.4309926727002249,2436.3141711229946,20.192953002879474,6.782410881801126,0.09838472834067558,0.08876993359675356,0.02150502392994791,0.028312449651894944,-0.06999342072687897,-0.05552824529709133,0.005636172758443081,0.012337906979388302,Layer 04,Layer 04,6.782410881801126,581,Stopped by TP reaching ideal,46480,204910.19756097562,1036815.2975609757,1329,15.002825976167385,1371.2287434161024,251390.19756097568,0.4312370340470565,"Q3: Low PCC, High PPO",Phase 3,"High TP, High PPO",1,8.0,True,4358,314,15,299,239,581,239,Supply constrained (not enough shops)
Pishin,Balochistan,Multan Region,0.325,Rest,835482.0,0.02115,15,8982.2,3,1718.9,818178.0,265908.0,0.03377935225717166,17727.2,11.515641025641026,11.018589743589745,13,8128.8,0,0.0,271532.0,0.02993680302874063,20887.076923076922,12.024852071005917,0.0,18,9294.3,5,1436.4,853152.0,277274.0,0.03352027236596291,15404.111111111111,9.929807692307692,5.524615384615385,0.3846153846153846,0.09544511501033215,0.14337909654561543,0.017224900713025626,-0.1742262080503887,-0.07140495970587146,0.11970113621624834,-0.0038422669316220404,Layer 05,Layer 02,5.524615384615385,0,TP already at or below ideal,0,0.0,9294.3,18,9.929807692307692,15404.111111111111,0.0,0.4312370340470565,"Q3: Low PCC, High PPO",Phase 3,"Low TP, High PPO",4,,False,674,59,0,59,47,0,0,No expansion
Qambar Shahdadkot,Sindh,Karachi Region,0.416,Population High,3299322.0,0.02411,106,79857.8,16,5681.3,3221648.0,1340206.0,0.05958621286578332,12643.452830188678,14.487989840348332,6.828485576923077,110,82402.6,7,2029.6,1372518.0,0.060037536848332775,12477.436363636363,14.406048951048952,5.5758241758241756,119,81732.9,12,3954.1,3378869.0,1405610.0,0.058147636969002776,11811.848739495797,13.208290239172591,6.3366987179487175,0.08181818181818179,0.05954778534710847,-0.008127170744612555,0.01167212404260165,-0.08314276287317124,-0.04518499492575778,-0.03147863784126048,-0.012145134327755547,Layer 05,Layer 03,6.3366987179487175,0,TP already at or below ideal,0,0.0,81732.9,119,13.208290239172591,11811.848739495797,0.0,0.4312370340470565,"Q3: Low PCC, High PPO",Phase 3,"Low TP, High PPO",3,,False,1566,116,2,114,91,0,0,No expansion
Qilla Abdullah,Balochistan,Multan Region,0.26,Rest,828189.0,0.01479,10,5804.1,1,224.4,816119.0,212191.0,0.027353186515921977,21219.1,11.16173076923077,4.315384615384615,11,5218.2,2,382.1,215329.0,0.02423361460834351,19575.363636363636,9.122727272727273,3.6740384615384616,13,5989.5,2,397.1,840438.0,218514.0,0.02741014305719542,16808.76923076923,8.860207100591715,3.818269230769231,0.18181818181818188,0.14017542509913805,0.14780958951362533,0.01584592182547051,-0.02877650118077857,-0.1090441878826296,0.13107943244084796,0.001040590324603352,Layer 05,Layer 02,3.818269230769231,0,TP already at or below ideal,0,0.0,5989.5,13,8.860207100591715,16808.76923076923,0.0,0.4312370340470565,"Q3: Low PCC, High PPO",Phase 3,"Low TP, High PPO",4,,False,444,28,0,28,22,0,0,No expansion
Qilla Saifullah,Balochistan,Multan Region,0.281,Rest,380200.0,0.01734,7,3965.5,1,354.3,373720.0,105015.0,0.03776127219920963,15002.142857142857,10.89423076923077,6.813461538461539,7,3989.5,0,0.0,106836.0,0.03734228162791568,15262.285714285714,10.960164835164836,0.0,7,3611.9,1,166.8,386793.0,108689.0,0.03323151376864264,15527.0,9.922802197802199,3.207692307692308,0.0,0.0,-0.0946484521869908,-0.045625379289579215,-0.0946484521869908,-0.045625379289579326,-0.11008346785644685,-0.06189434564110241,Layer 05,Layer 02,3.207692307692308,0,TP already at or below ideal,0,0.0,3611.9,7,9.922802197802199,15527.0,0.0,0.4312370340470565,"Q3: Low PCC, High PPO",Phase 3,"Low TP, High PPO",4,,False,204,10,0,10,8,0,0,No expansion
Quetta,Balochistan,Multan Region,0.554,Population High,2595492.0,0.02262,91,46478.3,10,3164.7,2538081.0,1406097.0,0.03305483192126859,15451.615384615385,9.822125950972106,6.085961538461538,100,49684.5,11,3812.6,1437903.0,0.034553443452027016,14379.03,9.554711538461538,6.665384615384615,107,51725.7,11,3535.1,2654202.0,1470428.0,0.035177308919579875,13742.317757009347,9.296495327102804,6.180244755244755,0.07000000000000006,0.08435426675241886,0.04108323521420165,0.054940755916615736,-0.027025013818503085,-0.027125370128246784,0.018055088154065313,0.031605929535143185,Layer 05,Layer 03,6.180244755244755,0,TP already at or below ideal,0,0.0,51725.7,107,9.296495327102804,13742.317757009347,0.0,0.4312370340470565,"Q3: Low PCC, High PPO",Phase 3,"Low TP, High PPO",3,,False,2924,183,3,180,144,0,0,No expansion
Rahim Yar Khan,Punjab,Multan Region,0.315,Neighbouring,5564703.0,0.02467,204,197595.0,30,13053.6,5430727.0,1710679.0,0.11550676661138647,8385.68137254902,18.62697963800905,8.367692307692307,217,202337.2,20,8626.2,1752881.0,0.11543122436719892,8077.792626728111,17.931336405529954,8.294423076923078,235,203178.8,22,9311.1,5701984.0,1796125.0,0.11312063469970074,7643.085106382979,16.62674304418985,8.139073426573427,0.08294930875576045,0.07329436051519678,0.004159393329550731,0.014030972020533605,-0.07275494318079778,-0.05521634201657044,-0.02001702468430855,-0.01038287226687129,Layer 05,Layer 03,8.139073426573427,71,Stopped by TP reaching ideal,5680,30049.45909090909,238908.2590909091,306,15.014345091183326,5869.68954248366,35729.459090909106,0.4312370340470565,"Q3: Low PCC, High PPO",Phase 3,"High TP, High PPO",2,28.0,True,3649,245,4,241,192,71,71,Demand constrained (enough shops)
Rajanpur,Punjab,Multan Region,0.28,Neighbouring,2381049.0,0.02983,73,63821.5,6,5066.7,2312080.0,647382.0,0.09858398905128657,8868.246575342466,16.812829293993676,16.239423076923078,78,64775.1,6,3410.8,666694.0,0.09715866649467371,8547.358974358975,15.970192307692308,10.932051282051283,86,67303.9,14,8762.0,2452076.0,686581.0,0.09802761800865446,7983.5,15.05006708407871,12.035714285714286,0.10256410256410264,0.08539494737207165,0.039039692721431374,0.026919998984753946,-0.05761516241544595,-0.05387435101747584,0.008943633597815914,-0.002825804972362178,Layer 05,Layer 03,12.035714285714286,3,Stopped by TP reaching ideal,240,1877.5714285714287,69421.47142857143,89,15.00031794048648,7714.393258426966,2117.571428571435,0.4312370340470565,"Q3: Low PCC, High PPO",Phase 3,"High TP, High PPO",2,35.0,True,1065,72,2,70,56,3,3,Demand constrained (enough shops)
Rawalpindi,Punjab,Islamabad Region,0.568,Stronghold,6118911.0,0.02097,994,1028607.0,141,78125.4,5993233.0,3404156.0,0.3021621218299044,3424.7042253521126,19.900305680235256,10.655400981996726,1067,1041348.2,123,61296.1,3475541.0,0.2996219005904404,3257.301780693533,18.76844135246197,9.58350531582239,1148,1033311.3,133,59425.8,6247225.0,3548424.0,0.29120288330819544,3090.9616724738676,17.30955675422139,8.59251012145749,0.07591377694470469,0.07467649898226991,-0.007717783542526835,0.0022841248040756934,-0.07773072738665165,-0.06736201475211423,-0.028098804745762318,-0.01830218441491671,Layer 04,Layer 04,8.59251012145749,544,Stopped by TP reaching ideal,43520,243064.9263157895,1319896.2263157896,1692,15.001548307826305,2097.177304964539,286584.9263157896,0.4312370340470565,"Q3: Low PCC, High PPO",Phase 3,"High TP, High PPO",1,9.0,True,10545,693,29,664,531,544,531,Supply constrained (not enough shops)
Sahiwal,Punjab,Multan Region,0.268,Neighbouring,2881811.0,0.02309,149,137977.2,18,12563.9,2816772.0,754895.0,0.18277667755118263,5066.4093959731545,17.80810531750129,13.422970085470086,164,146136.9,16,11356.2,772325.0,0.189216845240022,4709.298780487805,17.13612804878049,13.649278846153846,166,141229.4,15,8980.7,2948352.0,790158.0,0.17873564527600808,4759.987951807229,16.36114457831325,11.51371794871795,0.012195121951219523,0.05550649440519484,-0.033581525268429835,0.011716640632769115,-0.04522512134953316,-0.041487052902599575,-0.05539253099119423,-0.011116348732839287,Layer 05,Layer 03,11.51371794871795,116,Stopped by TP reaching ideal,9280,69450.74666666667,219960.14666666667,282,15.000010001818513,2801.978723404255,78730.74666666667,0.4312370340470565,"Q3: Low PCC, High PPO",Phase 3,"High TP, High PPO",2,26.0,True,620,38,2,36,28,116,28,Supply constrained (not enough shops)
Sanghar,Sindh,Karachi Region,0.237,Neighbouring,2308465.0,0.02,97,77897.4,12,7223.0,2263201.0,536379.0,0.14522828074924632,5529.680412371134,15.443576526566217,11.575320512820513,104,81864.8,11,6468.0,547106.0,0.14963242954747344,5260.634615384615,15.137721893491126,11.307692307692308,121,93041.0,18,10799.3,2354634.0,558048.0,0.16672580136475715,4611.966942148761,14.787190082644628,11.537713675213675,0.16346153846153855,0.11688078164698101,0.13652021381595025,0.09288811620910642,-0.023156179860670978,-0.021481850016699555,0.11423574334105524,0.07145962060001154,Layer 05,Layer 03,11.537713675213675,0,TP already at or below ideal,0,0.0,93041.0,121,14.787190082644628,4611.966942148761,0.0,0.4312370340470565,"Q3: Low PCC, High PPO",Phase 3,"Low TP, High PPO",2,,False,492,32,3,29,23,0,0,No expansion
Sargodha,Punjab,Lahore Region,0.422,Stronghold,4334448.0,0.0269,321,331553.1,44,19709.2,4220906.0,1781222.0,0.18613799964294175,5548.978193146418,19.86299424874191,8.614160839160839,340,341481.8,33,12367.2,1829137.0,0.18669011670530966,5379.814705882353,19.3145814479638,7.206993006993008,357,332050.0,39,14707.0,4451045.0,1878341.0,0.17677833790563055,5261.459383753501,17.886770092652444,7.251972386587771,0.050000000000000044,0.054585004971282824,-0.02762021284882532,0.0007490715105074042,-0.07392401223697653,-0.05104940161958904,-0.053092145286538384,-0.025465985737558983,Layer 05,Layer 03,7.251972386587771,165,Stopped by TP reaching ideal,13200,62221.92307692308,407471.92307692306,522,15.011491418984788,3598.354406130268,75421.92307692306,0.4312370340470565,"Q3: Low PCC, High PPO",Phase 3,"High TP, High PPO",1,13.0,True,1703,120,12,108,86,165,86,Supply constrained (not enough shops)
Shangla,Khyber Pakhtunkhwa,Islamabad Region,0.08,Rest,891252.0,0.027,10,8615.4,1,457.8,867821.0,69426.0,0.12409471955751447,6942.6,16.568076923076923,8.803846153846154,9,8223.5,0,0.0,71300.0,0.11533660589060309,7922.222222222223,17.571581196581196,0.0,9,7989.6,0,0.0,915316.0,73225.0,0.10911027654489587,8136.111111111111,17.07179487179487,0.0,0.0,-0.05131670194948623,-0.028442877120447463,-0.0370033075292574,-0.028442877120447463,0.01508764247208938,-0.0539839827748434,-0.062316708763950235,Layer 05,Layer 03,8.403115786652373,3,Stopped by TP reaching ideal,240,1310.8860627177703,9540.486062717771,12,15.289240485124633,6102.083333333333,1550.886062717771,0.4312370340470565,"Q3: Low PCC, High PPO",Phase 3,"High TP, High PPO",4,43.0,True,105,10,0,10,8,3,3,Demand constrained (enough shops)
Sheikhpura,Punjab,Lahore Region,0.279,Stronghold,5684289.0,0.02805,543,577330.8,82,37459.6,5529195.0,1542645.0,0.37424734789922504,2840.966850828729,20.44662133446664,8.785084427767353,576,584399.8,56,23443.4,1585917.0,0.3684933070267864,2753.328125,19.51121127136752,8.050618131868132,613,578102.8,62,27413.3,5843733.0,1630402.0,0.3545768466917975,2659.709624796085,18.135989459154224,8.502884615384616,0.06423611111111116,0.06250338532664013,-0.010775157691703563,0.0006683707980417175,-0.07048367182776705,-0.058197475304597734,-0.037765842878598854,-0.026634786901608587,Layer 04,Layer 04,8.502884615384616,387,Stopped by TP reaching ideal,30960,171112.05000000002,780174.8500000001,1000,15.003362500000001,1630.402,202072.05000000005,0.4312370340470565,"Q3: Low PCC, High PPO",Phase 3,"High TP, High PPO",1,10.0,True,3746,253,22,231,184,387,184,Supply constrained (not enough shops)
Shikarpur,Sindh,Karachi Region,0.213,Rest,1386330.0,0.01962,18,10404.3,2,543.1,1359654.0,289606.0,0.03592570595913068,16089.222222222223,11.115705128205127,5.2221153846153845,20,10931.1,2,360.7,295288.0,0.037018436238519685,14764.4,10.510673076923077,3.4682692307692307,22,11145.7,3,828.2,1413530.0,301082.0,0.03701881879355126,13685.545454545454,9.742744755244756,5.30897435897436,0.10000000000000009,0.10554159678513342,0.019632058987659073,0.03501642435433694,-0.07306176455667346,-0.06379241869856411,1.0334175898574216e-05,0.015099521421617412,Layer 05,Layer 03,5.30897435897436,0,TP already at or below ideal,0,0.0,11145.7,22,9.742744755244756,13685.545454545454,0.0,0.4312370340470565,"Q3: Low PCC, High PPO",Phase 3,"Low TP, High PPO",4,,False,301,26,1,25,20,0,0,No expansion
Sialkot,Punjab,Lahore Region,0.344,Stronghold,4499394.0,0.02434,916,1105248.0,117,93758.4,4392481.0,1511013.0,0.7314616088676934,1649.5775109170306,23.20389654014108,15.410650887573963,1000,1156753.1,124,101004.1,1547792.0,0.7473569446023756,1547.792,22.245251923076925,15.664407568238214,1093,1209694.4,125,90315.3,4608909.0,1585465.0,0.762990289914946,1450.562671546203,21.28394679428531,13.89466153846154,0.09299999999999997,0.09235133590252675,0.045767156362061856,0.04618374094385591,-0.04321394660378608,-0.042264419368815975,0.02091817761978243,0.021324469351701847,Layer 03,Layer 05,13.89466153846154,1020,Stopped by PPO reaching ideal,81600,736972.848,2028267.248,2113,18.45960216971859,750.338381448178,818572.848,0.4312370340470565,"Q1: High PCC, High PPO",Phase 1,"High TP, High PPO",1,6.0,True,3563,233,21,212,169,1020,169,Supply constrained (not enough shops)
Sibi,Balochistan,Multan Region,0.331,Rest,351719.0,0.04073,5,3111.3,0,0.0,337954.0,111863.0,0.02781348613929539,22372.6,11.966538461538462,0.0,5,2870.6,0,0.0,116419.0,0.024657487179927676,23283.8,11.04076923076923,0.0,6,2895.9,1,247.3,366045.0,121161.0,0.02390125535444574,20193.5,9.28173076923077,4.755769230769231,0.19999999999999996,0.09544511501033215,0.008813488469309627,-0.03523656316378698,-0.15932209294224198,-0.11929550498099273,-0.030669460353508482,-0.07299379200408862,Layer 05,Layer 02,4.755769230769231,0,TP already at or below ideal,0,0.0,2895.9,6,9.28173076923077,20193.5,0.0,0.4312370340470565,"Q3: Low PCC, High PPO",Phase 3,"Low TP, High PPO",4,,False,249,11,0,11,8,0,0,No expansion
South Waziristan,Khyber Pakhtunkhwa,Multan Region,0.126,Rest,888675.0,0.04685,6,5505.8,0,0.0,848904.0,106962.0,0.05147435537854565,17827.0,17.64679487179487,0.0,7,5203.0,2,891.3,111973.0,0.04646655890259259,15996.142857142857,14.293956043956044,8.570192307692308,9,7395.7,2,859.3,930309.0,117219.0,0.06309301393118863,13024.333333333334,15.802777777777777,8.2625,0.2857142857142858,0.22474487139158894,0.42142994426292524,0.1589893021723876,0.10555662331560844,-0.053689197444434344,0.3578155004645367,0.10712122971634885,Layer 05,Layer 03,8.2625,1,Stopped by TP reaching ideal,80,429.65,7905.349999999999,10,15.202596153846153,11721.9,509.64999999999964,0.4312370340470565,"Q3: Low PCC, High PPO",Phase 3,"High TP, High PPO",4,44.0,True,183,13,0,13,10,1,1,Demand constrained (enough shops)
Sukkur,Sindh,Karachi Region,0.449,Population High,1639897.0,0.01629,67,55711.6,9,3914.2,1613611.0,724511.0,0.07689545086271982,10813.597014925374,15.990700344431687,8.363675213675213,68,54399.5,4,1183.3,736314.0,0.07388084431370312,10828.14705882353,15.384473981900452,5.688942307692307,74,53411.3,6,2026.5,1666611.0,748308.0,0.07137609112825201,10112.27027027027,13.88027546777547,6.4951923076923075,0.08823529411764697,0.0509412980468027,-0.01816560813978063,-0.02086233156900874,-0.09777380207439301,-0.06832315919952903,-0.03390260640248988,-0.03655693194454768,Layer 05,Layer 03,6.4951923076923075,0,TP already at or below ideal,0,0.0,53411.3,74,13.88027546777547,10112.27027027027,0.0,0.4312370340470565,"Q3: Low PCC, High PPO",Phase 3,"Low TP, High PPO",3,,False,2084,127,1,126,100,0,0,No expansion
Swabi,Khyber Pakhtunkhwa,Islamabad Region,0.32,Neighbouring,1894600.0,0.02586,264,194315.4,36,19849.9,1846841.0,590989.0,0.3287969826849569,2238.594696969697,14.154676573426572,10.60357905982906,274,193422.5,20,9359.4,606272.0,0.31903584529716034,2212.6715328467153,13.575414093206064,8.999423076923076,298,195190.3,33,15353.6,1943594.0,621950.0,0.31383599967843073,2087.0805369127515,12.596173205988642,8.947319347319347,0.0875912408759123,0.06244429443989152,0.009139577867104398,0.0022487085614988356,-0.0721334082698436,-0.05665763955194181,-0.01629862504599222,-0.023015962615756336,Layer 04,Layer 04,8.947319347319347,0,TP already at or below ideal,0,0.0,195190.3,298,12.596173205988642,2087.0805369127515,0.0,0.4312370340470565,"Q3: Low PCC, High PPO",Phase 3,"Low TP, High PPO",2,,False,1454,94,9,85,68,0,0,No expansion
Swat,Khyber Pakhtunkhwa,Peshawar Region,0.295,Population High,2687384.0,0.02564,88,63642.9,11,4678.5,2620202.0,772960.0,0.08233660215276341,8783.636363636364,13.907976398601399,8.179195804195805,97,66071.2,13,5508.0,792778.0,0.08334136416499953,8172.969072164949,13.098969072164948,8.14792899408284,102,68365.9,11,5785.0,2756289.0,813105.0,0.08408003886336943,7971.617647058823,12.889498491704373,10.113636363636363,0.05154639175257736,0.07661084384791006,0.03473071474409428,0.03644148358890109,-0.01599137911591042,-0.037310937827302326,0.008863242229962376,0.010531792665407602,Layer 05,Layer 03,10.113636363636363,0,TP already at or below ideal,0,0.0,68365.9,102,12.889498491704373,7971.617647058823,0.0,0.4312370340470565,"Q3: Low PCC, High PPO",Phase 3,"Low TP, High PPO",3,,False,1953,127,4,123,98,0,0,No expansion
Tando Allahyar,Sindh,Karachi Region,0.288,Stronghold,922012.0,0.01594,91,108175.1,10,5167.6,907546.0,261373.0,0.4138725116978418,2872.230769230769,22.86033389687236,9.93769230769231,99,107362.4,15,7191.7,265539.0,0.40431876296890473,2682.212121212121,20.855167055167055,9.220128205128205,107,110456.7,11,5430.4,936709.0,269772.0,0.40944464214225346,2521.233644859813,19.85203091301222,9.493706293706293,0.08080808080808088,0.08435426675241886,0.028821077025103836,0.01049083616934543,-0.04810012499546468,-0.06811743435500106,0.012677816719930401,-0.005363700469835697,Layer 04,Layer 04,9.493706293706293,130,Stopped by TP reaching ideal,10400,64177.45454545454,185034.15454545454,237,15.014131332802219,1138.2784810126582,74577.45454545454,0.4312370340470565,"Q3: Low PCC, High PPO",Phase 3,"High TP, High PPO",1,15.0,True,265,17,3,14,11,130,11,Supply constrained (not enough shops)
Tando Muhammad Khan,Sindh,Karachi Region,0.248,Neighbouring,998546.0,0.01147,65,48524.3,5,3271.0,987223.0,244831.0,0.19819508150520157,3766.630769230769,14.35630177514793,12.580769230769231,80,56909.7,17,9442.4,247639.0,0.22980911730381723,3095.4875,13.680216346153845,10.681447963800904,87,61231.9,12,5863.4,1009999.0,250480.0,0.2444582401788566,2879.080459770115,13.534902740937223,9.39647435897436,0.08749999999999991,0.15691898526281367,0.0759483884118175,0.12333483902759657,-0.010622171575340289,-0.02902895247033055,0.06374474192715596,0.1105954865810963,Layer 04,Layer 04,9.39647435897436,0,TP already at or below ideal,0,0.0,61231.9,87,13.534902740937223,2879.080459770115,0.0,0.4312370340470565,"Q3: Low PCC, High PPO",Phase 3,"Low TP, High PPO",2,,False,308,24,1,23,18,0,0,No expansion
Tank,Khyber Pakhtunkhwa,Peshawar Region,0.197,Rest,470293.0,0.01621,6,3738.5,1,326.9,462791.0,91170.0,0.0410058133157837,15195.0,11.982371794871796,6.286538461538461,6,3748.6,0,0.0,92648.0,0.04046066833606769,15441.333333333334,12.01474358974359,0.0,7,3935.0,1,425.0,477916.0,94149.0,0.04179545189008911,13449.857142857143,10.81043956043956,8.173076923076923,0.16666666666666674,0.08012344973464347,0.04972523075281443,0.025944047032830264,-0.10023551649758777,-0.050160380015009776,0.03298965659525588,0.009582461734938041,Layer 05,Layer 03,8.173076923076923,0,TP already at or below ideal,0,0.0,3935.0,7,10.81043956043956,13449.857142857143,0.0,0.4312370340470565,"Q3: Low PCC, High PPO",Phase 3,"Low TP, High PPO",4,,False,192,21,0,21,16,0,0,No expansion
Tharparkar,Sindh,Karachi Region,0.235,Rest,1778407.0,0.01287,40,13974.1,4,519.2,1755810.0,412615.0,0.033867164305708714,10315.375,6.718317307692308,2.496153846153846,46,15207.3,6,961.9,417926.0,0.036387542292176125,9085.347826086956,6.357566889632107,3.0830128205128204,47,15911.9,2,315.0,1801295.0,423304.0,0.03758976999981101,9006.468085106382,6.510597381342062,3.0288461538461537,0.021739130434782705,0.08397416943393998,0.046333011119659595,0.06708520125796968,0.024070606627751845,-0.015580600213739304,0.033039541334820566,0.05352638520895292,Layer 05,Layer 03,3.0288461538461537,0,TP already at or below ideal,0,0.0,15911.9,47,6.510597381342062,9006.468085106382,0.0,0.4312370340470565,"Q3: Low PCC, High PPO",Phase 3,"Low TP, High PPO",4,,False,752,47,2,45,36,0,0,No expansion
Thatta,Sindh,Karachi Region,0.217,Neighbouring,1922483.0,0.01471,67,58317.2,12,5658.2,1894613.0,411131.0,0.1418457863795238,6136.2835820895525,16.73857634902411,9.067628205128205,75,65678.9,11,4146.4,417179.0,0.15743577696863933,5562.386666666666,16.84074358974359,7.2489510489510485,92,78122.0,18,7652.5,1950763.0,423316.0,0.1845477137646581,4601.260869565217,16.32984949832776,8.175747863247864,0.22666666666666657,0.17180814485913554,0.18945353835097745,0.15741296956730122,-0.030336789387790164,-0.01228458374776431,0.17220950230022591,0.14063348035474155,Layer 05,Layer 03,8.175747863247864,23,Stopped by TP reaching ideal,1840,9778.194444444445,89740.19444444444,115,15.006721479004087,3681.008695652174,11618.194444444438,0.4312370340470565,"Q3: Low PCC, High PPO",Phase 3,"High TP, High PPO",2,32.0,True,505,36,2,34,27,23,23,Demand constrained (enough shops)
Toba Tek Singh,Punjab,Multan Region,0.296,Neighbouring,2524044.0,0.0239,125,167983.3,16,17559.7,2465127.0,729678.0,0.2302156567691502,5837.424,25.843584615384614,21.105408653846155,136,167520.9,17,12778.5,747117.0,0.22422311364886624,5493.507352941177,23.687910067873304,14.455316742081449,148,171611.6,16,14377.9,2584369.0,764973.0,0.22433680665853567,5168.736486486487,22.298804573804574,17.281129807692306,0.08823529411764697,0.08811764069883554,0.024419042638858857,0.010741891320411145,-0.05864196081834594,-0.07110972792310444,0.0005070530322197619,-0.01285070738415528,Layer 04,Layer 03,17.281129807692306,871,Stopped by PPO reaching ideal,69680,782696.9312499999,1023988.5312499999,1019,19.32491377764777,750.7095191364083,852376.9312499999,0.4312370340470565,"Q3: Low PCC, High PPO",Phase 3,"High TP, High PPO",2,21.0,True,750,39,1,38,30,871,30,Supply constrained (not enough shops)
Umerkot,Sindh,Karachi Region,0.227,Rest,1159831.0,0.01298,21,9642.1,0,0.0,1144969.0,259908.0,0.03709812702956431,12376.57142857143,8.829761904761906,0.0,24,9962.7,5,1156.8,263282.0,0.037840414460540414,10970.083333333334,7.982932692307693,4.449230769230769,27,11110.0,3,647.2,1174886.0,266699.0,0.04165744903430459,9877.74074074074,7.913105413105413,4.148717948717949,0.125,0.1338934190276817,0.115159545103235,0.07342378407485795,-0.008747071019346686,-0.05332920531867691,0.1008719018589117,0.059669279014325394,Layer 05,Layer 03,4.148717948717949,0,TP already at or below ideal,0,0.0,11110.0,27,7.913105413105413,9877.74074074074,0.0,0.4312370340470565,"Q3: Low PCC, High PPO",Phase 3,"Low TP, High PPO",4,,False,607,43,0,43,34,0,0,No expansion
Upper Dir,Khyber Pakhtunkhwa,Peshawar Region,0.113,Rest,1083566.0,0.02263,17,11049.4,2,901.4,1059588.0,119733.0,0.09228366448681649,7043.117647058823,12.499321266968325,8.667307692307691,17,10412.8,1,454.0,122443.0,0.08504201955195478,7202.529411764706,11.77918552036199,8.73076923076923,19,10654.6,2,718.0,1108087.0,125214.0,0.08509112399571933,6590.210526315789,10.784008097165993,6.903846153846154,0.11764705882352944,0.05718827974184881,0.023221419791026543,-0.018027722846563288,-0.08448609808171303,-0.0711472157133437,0.0005774138951926133,-0.03976017391894082,Layer 05,Layer 03,6.903846153846154,0,TP already at or below ideal,0,0.0,10654.6,19,10.784008097165993,6590.210526315789,0.0,0.4312370340470565,"Q3: Low PCC, High PPO",Phase 3,"Low TP, High PPO",4,,False,203,11,0,11,8,0,0,No expansion
Vihari,Punjab,Multan Region,0.233,Neighbouring,3430421.0,0.02827,132,107007.4,17,7657.7,3336109.0,777313.0,0.13766320645608654,5888.734848484848,15.589656177156176,8.662556561085973,145,110828.3,19,6883.7,799288.0,0.13865878131537068,5512.331034482759,14.69871352785146,6.967307692307692,161,115802.6,24,10737.7,3527399.0,821884.0,0.14089895897717927,5104.869565217391,13.832130912565695,8.603926282051283,0.1103448275862069,0.10439891782678323,0.04488294054857822,0.04028479105661242,-0.05895635789103204,-0.05805341325065161,0.016156046090679554,0.011684163357545518,Layer 05,Layer 03,8.603926282051283,0,TP already at or below ideal,0,0.0,115802.6,161,13.832130912565695,5104.869565217391,0.0,0.4312370340470565,"Q3: Low PCC, High PPO",Phase 3,"Low TP, High PPO",2,,False,1894,130,1,129,103,0,0,No expansion
Zhob,Balochistan,Multan Region,0.154,Rest,547379.0,0.02818,5,3369.0,1,494.9,532377.0,81986.0,0.04109238162613129,16397.2,12.957692307692307,9.517307692307693,5,3545.6,0,0.0,84296.0,0.0420613077726108,16859.2,13.636923076923077,0.0,5,3360.9,0,0.0,562804.0,86672.0,0.03877722909359424,17334.4,12.926538461538462,0.0,0.0,0.0,-0.052092734657039674,-0.0012028605694550665,-0.052092734657039674,-0.0012028605694550665,-0.07807837779963334,-0.028578458464767587,Layer 05,Layer 02,8.16663285109386,0,TP already at or below ideal,0,0.0,3360.9,5,12.926538461538462,17334.4,0.0,0.4312370340470565,"Q3: Low PCC, High PPO",Phase 3,"Low TP, High PPO",4,,False,145,12,0,12,9,0,0,No expansion
Ziarat,Balochistan,Multan Region,0.232,Rest,189535.0,0.02853,3,907.8,0,0.0,184278.0,42752.0,0.021234094311377245,14250.666666666666,5.819230769230769,0.0,3,855.5,0,0.0,43972.0,0.019455562630765033,14657.333333333334,5.483974358974359,0.0,3,806.3,0,0.0,194942.0,45227.0,0.017827846198067526,15075.666666666666,5.168589743589743,0.0,0.0,0.0,-0.0575102279368791,-0.05756101972127692,-0.05751022793687899,-0.05756101972127692,-0.08366329278617746,-0.08371079854406127,Layer 05,Layer 02,8.16663285109386,0,TP already at or below ideal,0,0.0,806.3,3,5.168589743589743,15075.666666666666,0.0,0.4312370340470565,"Q3: Low PCC, High PPO",Phase 3,"Low TP, High PPO",4,,False,33,0,0,0,0,0,0,No expansion
