district,province,population_2017,population_2023,urban_share,annual_growth_rate
Abbottabad,Khyber Pakhtunkhwa,1333089,1419072,0.2342,0.01047
Attock,Punjab,1886378,2170423,0.2875,0.02365
Awaran,Balochistan,121821,178958,0.2617,0.0662
Badin,Sindh,1804958,1947081,0.2208,0.01271
Bahawalnagar,Punjab,2975656,3550342,0.2744,0.02987
Bahawalpur,Punjab,3669176,4284964,0.3779,0.02619
Bajaur,Khyber Pakhtunkhwa,1090987,1287960,0.0,0.02805
Bannu,Khyber Pakhtunkhwa,1210183,1357890,0.0356,0.01938
Barkhan,Balochistan,171025,210249,0.0686,0.03501
Battagram,Khyber Pakhtunkhwa,476749,554133,0.0,0.02539
Bhakkar,Punjab,1647852,1957470,0.18,0.02911
Buner,Khyber Pakhtunkhwa,895460,1016869,0.0,0.02142
Chagai,Balochistan,226517,269192,0.0745,0.02919
Chakwal,Punjab,1495463,1734854,0.2506,0.02506
Charsadda,Khyber Pakhtunkhwa,1610960,1835504,0.1593,0.02199
Chitral,Khyber Pakhtunkhwa,447625,515935,0.1108,0.02395
Dadu,Sindh,1550390,1742320,0.252,0.01964
Dera Bugti,Balochistan,313110,355274,0.3052,0.02128
Dera Ghazi Khan,Punjab,2872631,3393705,0.2379,0.02817
Dera Ismail Khan,Khyber Pakhtunkhwa,1693594,1829811,0.2048,0.01298
Faisalabad,Punjab,7882444,9075819,0.484,0.02377
Ghotki,Sindh,1648708,1772609,0.214,0.01215
Gujranwala,Punjab,5011066,5959750,0.603,0.02932
Gujrat,Punjab,2756289,3219375,0.4113,0.02622
Gwadar,Balochistan,262253,305160,0.5212,0.02558
Hafizabad,Punjab,1156954,1319909,0.3821,0.0222
Hangu,Khyber Pakhtunkhwa,518811,528902,0.1621,0.00322
Haripur,Khyber Pakhtunkhwa,1001515,1174783,0.1258,0.02695
Hyderabad,Sindh,2199928,2432540,0.8314,0.01689
Islamabad Capital Territory,Islamabad Capital Territory,2003368,2363863,0.4691,0.02796
Jacobabad,Sindh,1007009,1174097,0.3083,0.02592
Jafarabad,Balochistan,714398,834664,0.2134,0.02627
Jamshoro,Sindh,993908,1117308,0.467,0.0197
Jhal Magsi,Balochistan,148900,203368,0.1187,0.05333
Jhang,Punjab,4112185,4628663,0.2793,0.01991
Jhelum,Punjab,1222403,1382308,0.3916,0.0207
Kachhi,Balochistan,308000,442674,0.1817,0.06232
Kalat,Balochistan,412058,550598,0.1469,0.04949
Karachi,Sindh,16024894,20382881,0.9257,0.04091
Karak,Khyber Pakhtunkhwa,705362,815878,0.0712,0.02456
Kashmore,Sindh,1090336,1233957,0.2203,0.02084
Kasur,Punjab,3454881,4084286,0.3046,0.02829
Kech,Balochistan,907182,1060931,0.3644,0.02644
Khairpur,Sindh,2405190,2597535,0.325,0.0129
Khanewal,Punjab,2920233,3364077,0.2131,0.02386
Kharan,Balochistan,338478,562975,0.2165,0.0885
Khushab,Punjab,1280372,1501089,0.279,0.02686
Khuzdar,Balochistan,798896,997214,0.3654,0.03765
Khyber,Khyber Pakhtunkhwa,984246,1146267,0.0826,0.02572
Kohat,Khyber Pakhtunkhwa,1111266,1234661,0.2258,0.0177
Kohistan,Khyber Pakhtunkhwa,784711,1043126,0.0,0.04859
Kohlu,Balochistan,213933,260220,0.0729,0.03318
Kurram,Khyber Pakhtunkhwa,615372,785434,0.0579,0.04151
Lahore,Punjab,11119985,13004135,1.0,0.02643
Lakki Marwat,Khyber Pakhtunkhwa,902138,1040856,0.099,0.02412
Lasbela,Balochistan,576271,680977,0.4855,0.02822
Layyah,Punjab,1823995,2102386,0.1837,0.02396
Lodhran,Punjab,1699693,1928299,0.1686,0.02125
Loralai,Balochistan,397423,477476,0.1453,0.03106
Lower Dir,Khyber Pakhtunkhwa,1436082,1650183,0.029,0.02343
Malakand,Khyber Pakhtunkhwa,717806,826250,0.089,0.02373
Mandi Bahauddin,Punjab,1594039,1829486,0.1892,0.02323
Mansehra,Khyber Pakhtunkhwa,1727091,1997622,0.0776,0.02455
Mardan,Khyber Pakhtunkhwa,2373399,2744898,0.1652,0.02453
Mastung,Balochistan,265676,313271,0.1289,0.02785
Matiari,Sindh,770040,849383,0.2386,0.01648
Mianwali,Punjab,1542601,1798268,0.2021,0.02589
Mirpurkhas,Sindh,1504440,1681386,0.2927,0.01871
Mohmand,Khyber Pakhtunkhwa,474345,553933,0.0,0.02619
Multan,Punjab,4746166,5362305,0.4662,0.02055
Musakhel,Balochistan,167243,182275,0.0867,0.01445
Muzaffargarh,Punjab,4328549,5015325,0.1888,0.02485
Narowal,Punjab,1707575,1950954,0.1789,0.02246
Nasirabad,Balochistan,489779,563315,0.1899,0.02359
Naushehro Feroze,Sindh,1612047,1777082,0.2854,0.01638
Nawabshah,Sindh,1613506,1845102,0.3242,0.02261
North Waziristan,Khyber Pakhtunkhwa,540546,693332,0.006,0.04236
Nowshera,Khyber Pakhtunkhwa,1520995,1740705,0.1964,0.02274
Nushki,Balochistan,178947,207834,0.2337,0.02526
Okara,Punjab,3040826,3515490,0.3378,0.02447
Orakzai,Khyber Pakhtunkhwa,254303,387561,0.0,0.07275
Pakpattan,Punjab,1824228,2136170,0.2212,0.02666
Panjgur,Balochistan,315353,509781,0.3093,0.08334
Peshawar,Khyber Pakhtunkhwa,4331959,4758762,0.4005,0.01578
Pishin,Balochistan,736903,835482,0.2918,0.02115
Qambar Shahdadkot,Sindh,2859821,3299322,0.3698,0.02411
Qilla Abdullah,Balochistan,758354,828189,0.1999,0.01479
Qilla Saifullah,Balochistan,342932,380200,0.1688,0.01734
Quetta,Balochistan,2269473,2595492,0.6032,0.02262
Rahim Yar Khan,Punjab,4807762,5564703,0.2412,0.02467
Rajanpur,Punjab,1996039,2381049,0.2651,0.02983
Rawalpindi,Punjab,5402380,6118911,0.6882,0.02097
Sahiwal,Punjab,2513011,2881811,0.2629,0.02309
Sanghar,Sindh,2049873,2308465,0.2732,0.02
Sargodha,Punjab,3696212,4334448,0.3713,0.0269
Shangla,Khyber Pakhtunkhwa,759609,891252,0.0,0.027
Sheikhpura,Punjab,4814990,5684289,0.3297,0.02805
Shikarpur,Sindh,1233760,1386330,0.2299,0.01962
Sialkot,Punjab,3894938,4499394,0.3294,0.02434
Sibi,Balochistan,276803,351719,0.2921,0.04073
South Waziristan,Khyber Pakhtunkhwa,675215,888675,0.0,0.04685
Sukkur,Sindh,1488372,1639897,0.497,0.01629
Swabi,Khyber Pakhtunkhwa,1625477,1894600,0.1793,0.02586
Swat,Khyber Pakhtunkhwa,2308624,2687384,0.2956,0.02564
Tando Allahyar,Sindh,838527,922012,0.3099,0.01594
Tando Muhammad Khan,Sindh,932502,998546,0.277,0.01147
Tank,Khyber Pakhtunkhwa,427044,470293,0.1046,0.01621
Tharparkar,Sindh,1647036,1778407,0.0812,0.01287
Thatta,Sindh,1761200,1922483,0.147,0.01471
Toba Tek Singh,Punjab,2190602,2524044,0.2233,0.0239
Umerkot,Sindh,1073469,1159831,0.2232,0.01298
Upper Dir,Khyber Pakhtunkhwa,947401,1083566,0.0442,0.02263
Vihari,Punjab,2902081,3430421,0.2282,0.02827
Zhob,Balochistan,463306,547379,0.0858,0.02818
Ziarat,Balochistan,160095,189535,0.2606,0.02853
